Transaction_ID,Transaction_Date,Date_Key,Merchant_ID,Customer_ID,Product_ID,City_ID,Payment_ID,Payment_Method,UPI_Type,Quantity,Gross_Sales_Amount,Discount,Transaction_Amount,Cost_of_Goods,Gross_Profit,Transaction_Status
TXN000001,2026-05-03,20260503,M026,CUST0232,P023,C001,PAY001,UPI,P2M,1,4061.91,0.0,4061.91,2660,1401.91,Success
TXN000002,2026-08-28,20260828,M092,CUST0496,P017,C017,PAY004,Debit Card,,3,69085.92,3454.3,65631.63,54510,11121.63,Success
TXN000003,2026-05-13,20260513,M015,CUST0165,P002,C015,PAY001,UPI,P2M,1,20924.65,0.0,20924.65,17660,3264.65,Success
TXN000004,2026-05-10,20260510,M030,CUST0463,P035,C005,PAY001,UPI,P2M,1,403.54,0.0,403.54,250,153.54,Success
TXN000005,2026-07-09,20260709,M035,CUST0022,P020,C010,PAY004,Debit Card,,1,20064.03,0.0,20064.03,15240,4824.03,Success
TXN000006,2026-05-07,20260507,M093,CUST0183,P015,C018,PAY003,Credit Card,,1,5412.53,433.0,4979.53,4420,559.53,Success
TXN000007,2026-04-05,20260405,M003,CUST0434,P019,C003,PAY004,Debit Card,,1,15645.24,782.26,14862.98,12020,2842.98,Success
TXN000008,2026-06-22,20260622,M013,CUST0281,P019,C013,PAY001,UPI,P2M,1,16036.01,0.0,16036.01,12020,4016.01,Success
TXN000009,2026-05-15,20260515,M035,CUST0247,P005,C010,PAY001,UPI,P2M,1,49456.77,0.0,49456.77,33600,15856.77,Success
TXN000010,2026-07-31,20260731,M033,CUST0305,P043,C008,PAY004,Debit Card,,1,838.14,0.0,838.14,560,278.14,Success
TXN000011,2026-09-25,20260925,M018,CUST0118,P024,C018,PAY003,Credit Card,,1,3769.59,75.39,3694.2,2390,1304.2,Success
TXN000012,2026-08-28,20260828,M097,CUST0113,P037,C022,PAY001,UPI,P2M,1,1308.0,0.0,1308.0,760,548.0,Success
TXN000013,2026-07-08,20260708,M047,CUST0334,P034,C022,PAY001,UPI,P2M,1,486.56,0.0,486.56,370,116.56,Success
TXN000014,2026-04-28,20260428,M038,CUST0192,P043,C013,PAY001,UPI,P2M,1,872.85,0.0,872.85,560,312.85,Success
TXN000015,2026-09-19,20260919,M067,CUST0312,P009,C017,PAY001,UPI,P2M,1,42710.85,0.0,42710.85,33370,9340.85,Success
TXN000016,2026-09-17,20260917,M092,CUST0058,P030,C017,PAY001,UPI,P2M,1,3680.52,184.03,3496.49,3270,226.49,Success
TXN000017,2026-05-28,20260528,M036,CUST0287,P050,C011,PAY001,UPI,P2M,2,132989.78,6649.49,126340.29,115340,11000.29,Success
TXN000018,2026-06-28,20260628,M032,CUST0292,P012,C007,PAY001,UPI,P2M,2,3818.62,305.49,3513.13,3200,313.13,Success
TXN000019,2026-04-12,20260412,M084,CUST0280,P050,C009,PAY001,UPI,P2M,2,131275.93,0.0,131275.93,115340,15935.93,Success
TXN000020,2026-08-21,20260821,M079,CUST0100,P020,C004,PAY004,Debit Card,,2,40564.02,811.28,39752.74,30480,9272.74,Success
TXN000021,2026-05-10,20260510,M026,CUST0135,P026,C001,PAY001,UPI,P2M,1,1758.67,140.69,1617.97,1420,197.97,Success
TXN000022,2026-09-26,20260926,M027,CUST0497,P021,C002,PAY004,Debit Card,,1,11662.64,933.01,10729.63,9100,1629.63,Success
TXN000023,2026-07-11,20260711,M019,CUST0409,P044,C019,PAY003,Credit Card,,1,1629.72,195.57,1434.15,1120,314.15,Success
TXN000024,2026-09-18,20260918,M004,CUST0443,P049,C004,PAY003,Credit Card,,1,17294.09,345.88,16948.21,13180,3768.21,Success
TXN000025,2026-06-04,20260604,M035,CUST0180,P018,C010,PAY003,Credit Card,,1,11101.21,222.02,10879.19,7660,3219.19,Success
TXN000026,2026-07-25,20260725,M017,CUST0448,P006,C017,PAY004,Debit Card,,4,155665.09,7783.25,147881.83,122760,25121.83,Success
TXN000027,2026-06-02,20260602,M075,CUST0253,P035,C025,PAY001,UPI,P2M,3,1084.21,0.0,1084.21,750,334.21,Success
TXN000028,2026-06-22,20260622,M072,CUST0402,P006,C022,PAY001,UPI,P2M,1,40350.56,2017.53,38333.03,30690,7643.03,Success
TXN000029,2026-08-23,20260823,M005,CUST0010,P029,C005,PAY001,UPI,P2M,3,6982.06,139.64,6842.42,5280,1562.42,Success
TXN000030,2026-07-02,20260702,M096,CUST0441,P037,C021,PAY005,Cash,,1,1313.89,105.11,1208.78,760,448.78,Success
TXN000031,2026-05-19,20260519,M086,CUST0455,P026,C011,PAY001,UPI,P2M,1,1749.81,0.0,1749.81,1420,329.81,Success
TXN000032,2026-07-04,20260704,M086,CUST0231,P001,C011,PAY001,UPI,P2M,2,33724.92,1686.25,32038.68,27480,4558.68,Success
TXN000033,2026-08-07,20260807,M099,CUST0475,P023,C024,PAY004,Debit Card,,1,3899.6,77.99,3821.61,2660,1161.61,Success
TXN000034,2026-05-04,20260504,M099,CUST0080,P017,C024,PAY004,Debit Card,,3,73116.16,1462.32,71653.83,54510,17143.83,Success
TXN000035,2026-08-02,20260802,M040,CUST0035,P011,C015,PAY001,UPI,P2M,2,8048.26,160.97,7887.29,5020,2867.29,Success
TXN000036,2026-06-08,20260608,M006,CUST0331,P007,C006,PAY004,Debit Card,,2,73147.49,3657.37,69490.12,58960,10530.12,Success
TXN000037,2026-07-05,20260705,M021,CUST0403,P024,C021,PAY001,UPI,P2M,1,3571.58,178.58,3393.0,2390,1003.0,Success
TXN000038,2026-08-15,20260815,M053,CUST0263,P025,C003,PAY003,Credit Card,,1,4719.74,235.99,4483.75,2780,1703.75,Success
TXN000039,2026-07-23,20260723,M021,CUST0438,P024,C021,PAY003,Credit Card,,1,3473.48,0.0,3473.48,2390,1083.48,Success
TXN000040,2026-06-21,20260621,M020,CUST0030,P006,C020,PAY001,UPI,P2M,1,38812.4,0.0,38812.4,30690,8122.4,Failed
TXN000041,2026-08-29,20260829,M022,CUST0328,P021,C022,PAY003,Credit Card,,1,10568.63,528.43,10040.2,9100,940.2,Success
TXN000042,2026-09-07,20260907,M013,CUST0424,P025,C013,PAY003,Credit Card,,1,4547.8,227.39,4320.41,2780,1540.41,Success
TXN000043,2026-07-26,20260726,M065,CUST0109,P032,C015,PAY001,UPI,P2M,1,616.26,49.3,566.96,470,96.96,Success
TXN000044,2026-07-25,20260725,M059,CUST0018,P024,C009,PAY001,UPI,P2M,1,3652.78,0.0,3652.78,2390,1262.78,Success
TXN000045,2026-09-10,20260910,M094,CUST0198,P026,C019,PAY001,UPI,P2M,2,3254.46,65.09,3189.37,2840,349.37,Failed
TXN000046,2026-07-22,20260722,M097,CUST0016,P023,C022,PAY004,Debit Card,,1,4107.43,205.37,3902.06,2660,1242.06,Success
TXN000047,2026-04-28,20260428,M050,CUST0422,P027,C025,PAY004,Debit Card,,1,4067.96,81.36,3986.61,3040,946.61,Success
TXN000048,2026-07-16,20260716,M096,CUST0387,P014,C021,PAY001,UPI,P2M,1,4199.16,209.96,3989.2,3500,489.2,Success
TXN000049,2026-09-30,20260930,M026,CUST0260,P021,C001,PAY001,UPI,P2M,1,10514.01,0.0,10514.01,9100,1414.01,Success
TXN000050,2026-09-01,20260901,M011,CUST0029,P002,C011,PAY001,UPI,P2M,2,45013.56,3601.08,41412.47,35320,6092.47,Success
TXN000051,2026-06-20,20260620,M066,CUST0296,P028,C016,PAY001,UPI,P2M,2,1683.56,84.18,1599.38,1080,519.38,Success
TXN000052,2026-04-03,20260403,M049,CUST0477,P020,C024,PAY001,UPI,P2M,4,85074.14,0.0,85074.14,60960,24114.14,Success
TXN000053,2026-06-14,20260614,M036,CUST0446,P010,C011,PAY001,UPI,P2M,1,4375.48,218.77,4156.71,3270,886.71,Success
TXN000054,2026-04-13,20260413,M076,CUST0281,P035,C001,PAY001,UPI,P2M,1,395.4,19.77,375.63,250,125.63,Success
TXN000055,2026-08-12,20260812,M020,CUST0367,P015,C020,PAY001,UPI,P2M,1,5852.31,0.0,5852.31,4420,1432.31,Success
TXN000056,2026-05-03,20260503,M045,CUST0219,P015,C020,PAY001,UPI,P2M,3,17146.64,342.93,16803.71,13260,3543.71,Success
TXN000057,2026-05-19,20260519,M011,CUST0356,P036,C011,PAY001,UPI,P2M,2,712.27,0.0,712.27,580,132.27,Success
TXN000058,2026-05-27,20260527,M062,CUST0079,P022,C012,PAY001,UPI,P2M,1,878.5,70.28,808.22,740,68.22,Success
TXN000059,2026-04-24,20260424,M011,CUST0096,P038,C011,PAY001,UPI,P2M,1,1195.72,0.0,1195.72,810,385.72,Success
TXN000060,2026-07-18,20260718,M024,CUST0083,P012,C024,PAY004,Debit Card,,2,3704.23,74.08,3630.15,3200,430.15,Success
TXN000061,2026-09-06,20260906,M004,CUST0035,P002,C004,PAY004,Debit Card,,3,69060.09,1381.2,67678.89,52980,14698.89,Success
TXN000062,2026-06-30,20260630,M028,CUST0159,P009,C003,PAY003,Credit Card,,1,43306.95,0.0,43306.95,33370,9936.95,Success
TXN000063,2026-07-01,20260701,M053,CUST0251,P032,C003,PAY004,Debit Card,,1,650.15,78.02,572.13,470,102.13,Success
TXN000064,2026-08-24,20260824,M067,CUST0228,P049,C017,PAY001,UPI,P2M,1,15757.7,315.15,15442.54,13180,2262.54,Success
TXN000065,2026-06-07,20260607,M095,CUST0053,P047,C020,PAY005,Cash,,1,917.47,0.0,917.47,750,167.47,Success
TXN000066,2026-07-31,20260731,M055,CUST0204,P017,C005,PAY005,Cash,,2,45701.77,3656.14,42045.63,36340,5705.63,Success
TXN000067,2026-06-06,20260606,M022,CUST0147,P021,C022,PAY003,Credit Card,,1,11557.47,1386.9,10170.58,9100,1070.58,Success
TXN000068,2026-04-28,20260428,M067,CUST0007,P024,C017,PAY001,UPI,P2M,2,6931.84,831.82,6100.02,4780,1320.02,Success
TXN000069,2026-09-19,20260919,M080,CUST0378,P017,C005,PAY001,UPI,P2M,2,46051.24,2302.56,43748.68,36340,7408.68,Success
TXN000070,2026-05-02,20260502,M061,CUST0375,P046,C011,PAY001,UPI,P2M,1,501.34,0.0,501.34,290,211.34,Success
TXN000071,2026-06-09,20260609,M005,CUST0174,P036,C005,PAY001,UPI,P2M,1,376.23,30.1,346.13,290,56.13,Success
TXN000072,2026-04-13,20260413,M028,CUST0308,P029,C003,PAY001,UPI,P2M,1,2280.23,114.01,2166.22,1760,406.22,Success
TXN000073,2026-06-15,20260615,M025,CUST0190,P003,C025,PAY004,Debit Card,,2,49992.46,3999.4,45993.06,36300,9693.06,Failed
TXN000074,2026-04-09,20260409,M049,CUST0229,P030,C024,PAY004,Debit Card,,1,3943.87,78.88,3865.0,3270,595.0,Success
TXN000075,2026-04-15,20260415,M024,CUST0326,P021,C024,PAY001,UPI,P2M,2,22777.49,0.0,22777.49,18200,4577.49,Success
TXN000076,2026-08-30,20260830,M027,CUST0210,P041,C002,PAY003,Credit Card,,1,2154.38,107.72,2046.66,1260,786.66,Success
TXN000077,2026-07-11,20260711,M025,CUST0184,P049,C025,PAY005,Cash,,1,15884.34,794.22,15090.12,13180,1910.12,Success
TXN000078,2026-09-15,20260915,M080,CUST0497,P002,C005,PAY001,UPI,P2M,2,41602.12,0.0,41602.12,35320,6282.12,Success
TXN000079,2026-04-06,20260406,M040,CUST0352,P034,C015,PAY001,UPI,P2M,2,868.33,0.0,868.33,740,128.33,Success
TXN000080,2026-09-04,20260904,M036,,P026,C011,PAY005,Cash,,2,3586.88,179.34,3407.54,2840,567.54,Failed
TXN000081,2026-05-11,20260511,M039,CUST0203,P037,C014,PAY001,UPI,P2M,1,1215.22,24.3,1190.91,760,430.91,Success
TXN000082,2026-04-29,20260429,M039,CUST0104,P026,C014,PAY005,Cash,,1,1784.4,0.0,1784.4,1420,364.4,Success
TXN000083,2026-08-18,20260818,M100,CUST0311,P045,C025,PAY001,UPI,P2M,4,2522.97,0.0,2522.97,1840,682.97,Success
TXN000084,2026-07-18,20260718,M003,CUST0487,P042,C003,PAY003,Credit Card,,1,621.61,49.73,571.88,510,61.88,Success
TXN000085,2026-08-11,20260811,M025,CUST0243,P016,C025,PAY003,Credit Card,,1,34563.71,1728.19,32835.52,26970,5865.52,Success
TXN000086,2026-05-03,20260503,M094,CUST0109,P021,C019,PAY005,Cash,,2,20741.19,1037.06,19704.13,18200,1504.13,Success
TXN000087,2026-04-27,20260427,M059,CUST0028,P034,C009,PAY001,UPI,P2M,1,470.61,23.53,447.08,370,77.08,Success
TXN000088,2026-08-04,20260804,M082,CUST0120,P034,C007,PAY004,Debit Card,,2,876.51,43.83,832.68,740,92.68,Success
TXN000089,2026-09-03,20260903,M059,CUST0327,P018,C009,PAY003,Credit Card,,1,10897.3,0.0,10897.3,7660,3237.3,Success
TXN000090,2026-05-16,20260516,M094,CUST0306,P046,C019,PAY001,UPI,P2M,4,1976.73,0.0,1976.73,1160,816.73,Success
TXN000091,2026-06-11,20260611,M039,CUST0400,P035,C014,PAY001,UPI,P2M,1,360.18,0.0,360.18,250,110.18,Success
TXN000092,2026-08-29,20260829,M068,CUST0443,P039,C018,PAY004,Debit Card,,2,1221.22,24.42,1196.8,920,276.8,Success
TXN000093,2026-07-13,20260713,M076,CUST0238,P012,C001,PAY001,UPI,P2M,2,4110.22,328.82,3781.4,3200,581.4,Success
TXN000094,2026-07-30,20260730,M094,CUST0017,P030,C019,PAY001,UPI,P2M,2,7987.79,0.0,7987.79,6540,1447.79,Success
TXN000095,2026-05-02,20260502,M032,CUST0475,P040,C007,PAY004,Debit Card,,1,1515.22,0.0,1515.22,960,555.22,Success
TXN000096,2026-08-01,20260801,M051,CUST0398,P016,C001,PAY001,UPI,P2M,2,67021.54,3351.08,63670.46,53940,9730.46,Success
TXN000097,2026-08-27,20260827,M030,CUST0444,P031,C005,PAY001,UPI,P2M,2,961.42,19.23,942.19,820,122.19,Success
TXN000098,2026-08-08,20260808,M080,CUST0010,P015,C005,PAY005,Cash,,2,11549.89,0.0,11549.89,8840,2709.89,Success
TXN000099,2026-07-05,20260705,M072,CUST0088,P042,C022,PAY004,Debit Card,,1,589.34,11.79,577.55,510,67.55,Success
TXN000100,2026-09-16,20260916,M031,CUST0430,P036,C006,PAY004,Debit Card,,1,383.86,0.0,383.86,290,93.86,Success
TXN000101,2026-04-29,20260429,M007,CUST0429,P020,C007,PAY003,Credit Card,,1,20779.39,0.0,20779.39,15240,5539.39,Success
TXN000102,2026-04-08,20260408,M003,CUST0174,P044,C003,PAY001,UPI,P2M,2,3233.92,0.0,3233.92,2240,993.92,Success
TXN000103,2026-06-03,20260603,M042,CUST0370,P009,C017,PAY001,UPI,P2M,1,44241.54,0.0,44241.54,33370,10871.54,Success
TXN000104,2026-09-21,20260921,M016,CUST0040,P041,C016,PAY003,Credit Card,,1,2161.25,0.0,2161.25,1260,901.25,Success
TXN000105,2026-07-13,20260713,M059,CUST0124,P028,C009,PAY001,UPI,P2M,1,828.52,0.0,828.52,540,288.52,Success
TXN000106,2026-05-05,20260505,M077,CUST0230,P026,C002,PAY001,UPI,P2M,1,1724.47,34.49,1689.98,1420,269.98,Failed
TXN000107,2026-09-09,20260909,M027,CUST0056,P009,C002,PAY004,Debit Card,,1,42531.69,0.0,42531.69,33370,9161.69,Success
TXN000108,2026-09-09,20260909,M086,CUST0322,P002,C011,PAY003,Credit Card,,1,21690.46,1084.52,20605.94,17660,2945.94,Success
TXN000109,2026-05-24,20260524,M096,CUST0205,P043,C021,PAY004,Debit Card,,1,920.37,0.0,920.37,560,360.37,Success
TXN000110,2026-07-01,20260701,M003,CUST0361,P005,C003,PAY004,Debit Card,,1,50321.44,0.0,50321.44,33600,16721.44,Success
TXN000111,2026-07-04,20260704,M016,CUST0278,P003,C016,PAY004,Debit Card,,1,24243.67,2909.24,21334.43,18150,3184.43,Success
TXN000112,2026-08-01,20260801,M042,CUST0454,P033,C017,PAY001,UPI,P2M,2,338.12,0.0,338.12,300,38.12,Success
TXN000113,2026-04-29,20260429,M048,CUST0022,P038,C023,PAY001,UPI,P2M,2,2455.33,294.64,2160.69,1620,540.69,Success
TXN000114,2026-07-08,20260708,M067,,P013,C017,PAY001,UPI,P2M,3,8276.94,165.54,8111.4,5310,2801.4,Failed
TXN000115,2026-09-30,20260930,M047,CUST0393,P024,C022,PAY001,UPI,P2M,4,14132.53,706.63,13425.91,9560,3865.91,Success
TXN000116,2026-09-16,20260916,M023,CUST0217,P048,C023,PAY003,Credit Card,,2,1788.77,35.78,1752.99,1580,172.99,Success
TXN000117,2026-08-01,20260801,M049,CUST0187,P037,C024,PAY004,Debit Card,,1,1335.1,26.7,1308.39,760,548.39,Success
TXN000118,2026-04-27,20260427,M088,CUST0144,P047,C013,PAY003,Credit Card,,1,888.59,44.43,844.16,750,94.16,Success
TXN000119,2026-05-06,20260506,M039,CUST0007,P040,C014,PAY003,Credit Card,,1,1499.37,0.0,1499.37,960,539.37,Success
TXN000120,2026-05-10,20260510,M035,CUST0278,P030,C010,PAY001,UPI,P2M,1,3810.13,304.81,3505.32,3270,235.32,Success
TXN000121,2026-08-07,20260807,M016,CUST0479,P046,C016,PAY001,UPI,P2M,4,1840.69,92.03,1748.66,1160,588.66,Success
TXN000122,2026-04-19,20260419,M083,CUST0456,P014,C008,PAY001,UPI,P2M,1,4509.74,0.0,4509.74,3500,1009.74,Success
TXN000123,2026-07-16,20260716,M021,CUST0171,P007,C021,PAY003,Credit Card,,1,36442.72,1822.14,34620.58,29480,5140.58,Success
TXN000124,2026-05-09,20260509,M040,CUST0269,P019,C015,PAY003,Credit Card,,1,14994.35,1799.32,13195.03,12020,1175.03,Success
TXN000125,2026-08-26,20260826,M089,,P031,C014,PAY005,Cash,,3,1504.01,0.0,1504.01,1230,274.01,Failed
TXN000126,2026-07-15,20260715,M034,CUST0111,P010,C009,PAY001,UPI,P2M,1,4443.0,0.0,4443.0,3270,1173.0,Success
TXN000127,2026-05-16,20260516,M008,CUST0454,P011,C008,PAY005,Cash,,2,7651.46,153.03,7498.43,5020,2478.43,Success
TXN000128,2026-07-05,20260705,M028,CUST0017,P014,C003,PAY003,Credit Card,,1,4310.57,0.0,4310.57,3500,810.57,Success
TXN000129,2026-05-22,20260522,M016,CUST0347,P035,C016,PAY001,UPI,P2M,2,750.85,90.1,660.75,500,160.75,Success
TXN000130,2026-08-30,20260830,M028,CUST0420,P031,C003,PAY004,Debit Card,,1,523.65,0.0,523.65,410,113.65,Success
TXN000131,2026-04-21,20260421,M044,CUST0070,P020,C019,PAY001,UPI,P2M,1,20684.0,413.68,20270.32,15240,5030.32,Success
TXN000132,2026-07-25,20260725,M027,CUST0265,P035,C002,PAY004,Debit Card,,2,717.73,0.0,717.73,500,217.73,Success
TXN000133,2026-07-13,20260713,M100,CUST0367,P016,C025,PAY002,UPI,P2P,1,33985.45,0.0,33985.45,26970,7015.45,Success
TXN000134,2026-04-16,20260416,M016,CUST0029,P030,C016,PAY004,Debit Card,,2,7985.43,638.83,7346.59,6540,806.59,Success
TXN000135,2026-07-09,20260709,M092,CUST0013,P031,C017,PAY001,UPI,P2M,1,508.59,0.0,508.59,410,98.59,Success
TXN000136,2026-09-14,20260914,M097,CUST0169,P037,C022,PAY003,Credit Card,,1,1255.44,0.0,1255.44,760,495.44,Success
TXN000137,2026-05-10,20260510,M019,CUST0320,P030,C019,PAY001,UPI,P2M,1,3986.13,199.31,3786.82,3270,516.82,Success
TXN000138,2026-08-06,20260806,M044,CUST0214,P038,C019,PAY004,Debit Card,,4,4705.26,0.0,4705.26,3240,1465.26,Success
TXN000139,2026-07-15,20260715,M040,CUST0148,P025,C015,PAY004,Debit Card,,1,4247.29,0.0,4247.29,2780,1467.29,Success
TXN000140,2026-06-19,20260619,M003,CUST0301,P025,C003,PAY001,UPI,P2M,2,8512.83,425.64,8087.19,5560,2527.19,Success
TXN000141,2026-06-24,20260624,M097,CUST0341,P022,C022,PAY001,UPI,P2M,2,1888.35,94.42,1793.93,1480,313.93,Success
TXN000142,2026-06-20,20260620,M051,CUST0121,P050,C001,PAY005,Cash,,1,66125.0,3306.25,62818.75,57670,5148.75,Success
TXN000143,2026-08-08,20260808,M036,CUST0212,P029,C011,PAY001,UPI,P2M,1,2331.9,0.0,2331.9,1760,571.9,Success
TXN000144,2026-09-04,20260904,M006,CUST0025,P033,C006,PAY001,UPI,P2M,1,173.54,0.0,173.54,150,23.54,Success
TXN000145,2026-05-18,20260518,M038,CUST0115,P037,C013,PAY001,UPI,P2M,2,2652.1,0.0,2652.1,1520,1132.1,Success
TXN000146,2026-04-26,20260426,M072,CUST0203,P036,C022,PAY001,UPI,P2M,1,351.05,17.55,333.5,290,43.5,Success
TXN000147,2026-07-18,20260718,M036,CUST0123,P003,C011,PAY005,Cash,,2,47857.67,0.0,47857.67,36300,11557.67,Success
TXN000148,2026-09-01,20260901,M020,CUST0232,P047,C020,PAY001,UPI,P2M,1,863.4,43.17,820.23,750,70.23,Success
TXN000149,2026-04-26,20260426,M055,CUST0299,P022,C005,PAY003,Credit Card,,4,3897.99,311.84,3586.15,2960,626.15,Success
TXN000150,2026-09-09,20260909,M067,CUST0237,P007,C017,PAY001,UPI,P2M,4,145140.11,0.0,145140.11,117920,27220.11,Success
TXN000151,2026-08-02,20260802,M046,CUST0320,P020,C021,PAY001,UPI,P2M,4,81349.07,1626.98,79722.09,60960,18762.09,Success
TXN000152,2026-06-04,20260604,M082,CUST0142,P031,C007,PAY003,Credit Card,,1,507.75,25.39,482.36,410,72.36,Success
TXN000153,2026-09-11,20260911,M092,CUST0047,P017,C017,PAY003,Credit Card,,1,23645.44,1182.27,22463.16,18170,4293.16,Success
TXN000154,2026-05-26,20260526,M039,CUST0217,P047,C014,PAY003,Credit Card,,1,842.68,67.41,775.26,750,25.26,Success
TXN000155,2026-04-16,20260416,M049,CUST0016,P015,C024,PAY003,Credit Card,,1,5400.0,108.0,5292.0,4420,872.0,Success
TXN000156,2026-06-14,20260614,M055,CUST0053,P047,C005,PAY001,UPI,P2M,1,889.28,44.46,844.82,750,94.82,Success
TXN000157,2026-05-18,20260518,M034,CUST0308,P016,C009,PAY005,Cash,,1,34068.67,1703.43,32365.24,26970,5395.24,Success
TXN000158,2026-06-23,20260623,M062,CUST0487,P036,C012,PAY001,UPI,P2M,1,387.31,0.0,387.31,290,97.31,Success
TXN000159,2026-05-03,20260503,M058,CUST0225,P033,C008,PAY005,Cash,,1,170.52,20.46,150.06,150,0.06,Success
TXN000160,2026-07-11,20260711,M035,CUST0178,P043,C010,PAY001,UPI,P2M,1,924.17,0.0,924.17,560,364.17,Success
TXN000161,2026-07-24,20260724,M039,CUST0108,P006,C014,PAY001,UPI,P2M,1,38706.6,3096.53,35610.07,30690,4920.07,Success
TXN000162,2026-07-17,20260717,M006,CUST0401,P001,C006,PAY001,UPI,P2M,3,49905.12,0.0,49905.12,41220,8685.12,Success
TXN000163,2026-08-07,20260807,M084,CUST0220,P026,C009,PAY004,Debit Card,,2,3477.15,173.86,3303.3,2840,463.3,Success
TXN000164,2026-05-04,20260504,M001,CUST0494,P046,C001,PAY001,UPI,P2M,4,1956.85,156.55,1800.3,1160,640.3,Success
TXN000165,2026-09-14,20260914,M092,CUST0484,P012,C017,PAY001,UPI,P2M,2,4096.49,81.93,4014.56,3200,814.56,Success
TXN000166,2026-08-19,20260819,M012,CUST0410,P042,C012,PAY003,Credit Card,,1,590.62,29.53,561.09,510,51.09,Success
TXN000167,2026-08-20,20260820,M079,CUST0451,P004,C004,PAY001,UPI,P2M,1,35790.18,715.8,35074.38,30000,5074.38,Success
TXN000168,2026-06-08,20260608,M045,CUST0272,P027,C020,PAY003,Credit Card,,1,3987.71,79.75,3907.95,3040,867.95,Success
TXN000169,2026-05-05,20260505,M056,CUST0035,P009,C006,PAY001,UPI,P2M,1,44047.74,880.95,43166.79,33370,9796.79,Failed
TXN000170,2026-08-13,20260813,M048,CUST0298,P026,C023,PAY003,Credit Card,,2,3448.85,275.91,3172.94,2840,332.94,Success
TXN000171,2026-04-27,20260427,M019,CUST0059,P027,C019,PAY001,UPI,P2M,3,11827.44,0.0,11827.44,9120,2707.44,Success
TXN000172,2026-09-28,20260928,M037,CUST0354,P013,C012,PAY001,UPI,P2M,3,8144.52,162.89,7981.63,5310,2671.63,Success
TXN000173,2026-04-01,20260401,M016,CUST0203,P009,C016,PAY004,Debit Card,,1,46168.13,0.0,46168.13,33370,12798.13,Success
TXN000174,2026-08-12,20260812,M078,CUST0319,P013,C003,PAY001,UPI,P2M,1,2988.28,59.77,2928.52,1770,1158.52,Success
TXN000175,2026-07-03,20260703,M045,CUST0339,P027,C020,PAY001,UPI,P2M,3,11897.88,1427.75,10470.14,9120,1350.14,Success
TXN000176,2026-06-06,20260606,M076,CUST0165,P017,C001,PAY004,Debit Card,,1,24721.11,2966.53,21754.57,18170,3584.57,Success
TXN000177,2026-08-04,20260804,M030,CUST0303,P010,C005,PAY001,UPI,P2M,2,9333.04,186.66,9146.37,6540,2606.37,Success
TXN000178,2026-06-02,20260602,M072,CUST0313,P039,C022,PAY001,UPI,P2M,1,592.79,0.0,592.79,460,132.79,Success
TXN000179,2026-06-10,20260610,M068,CUST0222,P039,C018,PAY001,UPI,P2M,4,2504.66,125.23,2379.43,1840,539.43,Success
TXN000180,2026-08-05,20260805,M042,CUST0272,P033,C017,PAY001,UPI,P2M,3,551.75,11.04,540.72,450,90.72,Success
TXN000181,2026-07-15,20260715,M002,CUST0162,P003,C002,PAY004,Debit Card,,1,22991.65,2759.0,20232.65,18150,2082.65,Success
TXN000182,2026-07-09,20260709,M083,CUST0356,P017,C008,PAY005,Cash,,1,24577.33,0.0,24577.33,18170,6407.33,Success
TXN000183,2026-08-10,20260810,M011,CUST0473,P023,C011,PAY005,Cash,,4,14656.3,0.0,14656.3,10640,4016.3,Success
TXN000184,2026-07-14,20260714,M083,CUST0166,P048,C008,PAY001,UPI,P2P,1,891.67,71.33,820.33,790,30.33,Success
TXN000185,2026-05-16,20260516,M019,CUST0031,P021,C019,PAY003,Credit Card,,2,22918.61,458.37,22460.24,18200,4260.24,Success
TXN000186,2026-04-27,20260427,M088,CUST0341,P022,C013,PAY001,UPI,P2M,1,875.49,43.77,831.72,740,91.72,Success
TXN000187,2026-07-04,20260704,M060,CUST0240,P036,C010,PAY003,Credit Card,,2,748.65,37.43,711.22,580,131.22,Success
TXN000188,2026-09-23,20260923,M084,CUST0172,P003,C009,PAY001,UPI,P2M,1,25677.86,0.0,25677.86,18150,7527.86,Success
TXN000189,2026-05-05,20260505,M086,CUST0112,P038,C011,PAY001,UPI,P2M,1,1263.77,63.19,1200.58,810,390.58,Success
TXN000190,2026-07-06,20260706,M059,CUST0151,P040,C009,PAY001,UPI,P2M,1,1473.74,73.69,1400.05,960,440.05,Success
TXN000191,2026-07-23,20260723,M034,CUST0023,P042,C009,PAY003,Credit Card,,1,637.46,0.0,637.46,510,127.46,Success
TXN000192,2026-08-21,20260821,M033,CUST0349,P021,C008,PAY003,Credit Card,,2,21078.41,421.57,20656.84,18200,2456.84,Success
TXN000193,2026-09-10,20260910,M064,CUST0416,P012,C014,PAY004,Debit Card,,3,6027.44,482.2,5545.25,4800,745.25,Success
TXN000194,2026-05-16,20260516,M045,CUST0129,P018,C020,PAY004,Debit Card,,2,21896.89,437.94,21458.96,15320,6138.96,Success
TXN000195,2026-04-11,20260411,M028,CUST0043,P005,C003,PAY005,Cash,,1,49137.65,0.0,49137.65,33600,15537.65,Success
TXN000196,2026-06-14,20260614,M019,CUST0063,P015,C019,PAY005,Cash,,1,5894.28,0.0,5894.28,4420,1474.28,Success
TXN000197,2026-04-29,20260429,M091,CUST0107,P014,C016,PAY004,Debit Card,,1,4360.73,87.21,4273.52,3500,773.52,Failed
TXN000198,2026-07-21,20260721,M009,CUST0227,P003,C009,PAY004,Debit Card,,1,24974.5,2996.94,21977.56,18150,3827.56,Success
TXN000199,2026-06-23,20260623,M033,CUST0488,P041,C008,PAY001,UPI,P2M,2,4064.92,0.0,4064.92,2520,1544.92,Success
TXN000200,2026-08-14,20260814,M036,CUST0326,P014,C011,PAY001,UPI,P2M,1,4441.17,0.0,4441.17,3500,941.17,Success
TXN000201,2026-05-10,20260510,M010,CUST0167,P043,C010,PAY001,UPI,P2M,2,1776.85,88.84,1688.01,1120,568.01,Success
TXN000202,2026-04-21,20260421,M072,CUST0113,P034,C022,PAY001,UPI,P2M,1,433.25,21.66,411.59,370,41.59,Success
TXN000203,2026-06-10,20260610,M094,CUST0064,P005,C019,PAY001,UPI,P2M,3,145928.92,7296.45,138632.47,100800,37832.47,Success
TXN000204,2026-06-30,20260630,M084,CUST0319,P014,C009,PAY001,UPI,P2M,1,4415.18,0.0,4415.18,3500,915.18,Success
TXN000205,2026-09-08,20260908,M083,CUST0352,P018,C008,PAY001,UPI,P2M,1,9937.19,794.98,9142.22,7660,1482.22,Success
TXN000206,2026-08-30,20260830,M027,CUST0205,P003,C002,PAY001,UPI,P2M,3,69009.41,3450.47,65558.94,54450,11108.94,Success
TXN000207,2026-08-09,20260809,M087,CUST0063,P040,C012,PAY001,UPI,P2M,1,1399.26,111.94,1287.32,960,327.32,Success
TXN000208,2026-06-19,20260619,M040,CUST0031,P039,C015,PAY001,UPI,P2M,2,1142.52,22.85,1119.67,920,199.67,Success
TXN000209,2026-08-20,20260820,M044,CUST0034,P013,C019,PAY001,UPI,P2M,2,5489.17,274.46,5214.71,3540,1674.71,Success
TXN000210,2026-07-01,20260701,M066,CUST0444,P019,C016,PAY001,UPI,P2M,2,29264.83,2341.19,26923.65,24040,2883.65,Failed
TXN000211,2026-04-24,20260424,M045,CUST0235,P036,C020,PAY001,UPI,P2M,1,371.38,0.0,371.38,290,81.38,Success
TXN000212,2026-08-24,20260824,M028,CUST0049,P050,C003,PAY005,Cash,,1,71789.51,0.0,71789.51,57670,14119.51,Success
TXN000213,2026-06-09,20260609,M011,CUST0287,P009,C011,PAY003,Credit Card,,4,178647.66,0.0,178647.66,133480,45167.66,Success
TXN000214,2026-05-13,20260513,M005,CUST0400,P014,C005,PAY001,UPI,P2M,1,4353.03,87.06,4265.97,3500,765.97,Failed
TXN000215,2026-08-12,20260812,M062,CUST0082,P040,C012,PAY001,UPI,P2M,2,2967.9,148.4,2819.51,1920,899.51,Success
TXN000216,2026-06-10,20260610,M007,CUST0071,P050,C007,PAY004,Debit Card,,4,275621.51,5512.43,270109.07,230680,39429.07,Success
TXN000217,2026-05-25,20260525,M035,CUST0449,P048,C010,PAY004,Debit Card,,2,1888.28,37.77,1850.52,1580,270.52,Success
TXN000218,2026-09-09,20260909,M010,CUST0290,P011,C010,PAY001,UPI,P2M,1,3812.17,304.97,3507.19,2510,997.19,Success
TXN000219,2026-04-10,20260410,M028,CUST0439,P031,C003,PAY003,Credit Card,,1,507.15,0.0,507.15,410,97.15,Success
TXN000220,2026-08-13,20260813,M088,CUST0117,P005,C013,PAY001,UPI,P2M,4,188619.37,0.0,188619.37,134400,54219.37,Success
TXN000221,2026-06-22,20260622,M082,CUST0326,P031,C007,PAY001,UPI,P2M,2,1028.01,20.56,1007.45,820,187.45,Success
TXN000222,2026-04-25,20260425,M029,CUST0368,P031,C004,PAY001,UPI,P2M,4,2046.53,0.0,2046.53,1640,406.53,Success
TXN000223,2026-07-23,20260723,M077,CUST0331,P034,C002,PAY001,UPI,P2M,2,872.31,0.0,872.31,740,132.31,Success
TXN000224,2026-05-07,20260507,M030,CUST0305,P032,C005,PAY001,UPI,P2M,1,601.43,0.0,601.43,470,131.43,Success
TXN000225,2026-08-02,20260802,M013,CUST0487,P047,C013,PAY001,UPI,P2M,1,877.52,43.88,833.64,750,83.64,Success
TXN000226,2026-08-18,20260818,M034,CUST0169,P034,C009,PAY001,UPI,P2M,2,928.27,46.41,881.85,740,141.85,Success
TXN000227,2026-09-05,20260905,M078,CUST0094,P004,C003,PAY001,UPI,P2M,1,36195.89,2895.67,33300.22,30000,3300.22,Success
TXN000228,2026-09-25,20260925,M086,CUST0312,P018,C011,PAY001,UPI,P2P,2,21346.47,1707.72,19638.75,15320,4318.75,Success
TXN000229,2026-07-18,20260718,M058,CUST0412,P013,C008,PAY005,Cash,,1,2861.07,0.0,2861.07,1770,1091.07,Success
TXN000230,2026-06-06,20260606,M054,CUST0439,P033,C004,PAY004,Debit Card,,2,362.74,43.53,319.21,300,19.21,Success
TXN000231,2026-08-23,20260823,M031,CUST0086,P017,C006,PAY001,UPI,P2M,1,22491.8,0.0,22491.8,18170,4321.8,Success
TXN000232,2026-09-07,20260907,M046,CUST0278,P035,C021,PAY001,UPI,P2M,1,368.93,0.0,368.93,250,118.93,Success
TXN000233,2026-07-17,20260717,M100,CUST0377,P034,C025,PAY001,UPI,P2M,3,1325.07,66.25,1258.82,1110,148.82,Failed
TXN000234,2026-05-24,20260524,M034,CUST0253,P026,C009,PAY001,UPI,P2M,2,3216.72,64.33,3152.38,2840,312.38,Success
TXN000235,2026-08-06,20260806,M024,CUST0295,P022,C024,PAY001,UPI,P2M,1,918.0,45.9,872.1,740,132.1,Success
TXN000236,2026-08-12,20260812,M085,CUST0212,P032,C010,PAY004,Debit Card,,4,2607.45,52.15,2555.3,1880,675.3,Success
TXN000237,2026-05-29,20260529,M066,CUST0044,P033,C016,PAY005,Cash,,1,183.86,0.0,183.86,150,33.86,Success
TXN000238,2026-07-19,20260719,M054,CUST0081,P046,C004,PAY001,UPI,P2M,1,502.17,10.04,492.12,290,202.12,Success
TXN000239,2026-06-05,20260605,M035,CUST0066,P042,C010,PAY004,Debit Card,,1,576.17,69.14,507.03,510,-2.97,Success
TXN000240,2026-07-15,20260715,M014,CUST0014,P050,C014,PAY004,Debit Card,,2,140967.0,7048.35,133918.65,115340,18578.65,Success
TXN000241,2026-04-28,20260428,M038,CUST0220,P004,C013,PAY001,UPI,P2M,3,107129.41,0.0,107129.41,90000,17129.41,Success
TXN000242,2026-06-18,20260618,M069,CUST0187,P035,C019,PAY005,Cash,,1,392.06,0.0,392.06,250,142.06,Success
TXN000243,2026-04-18,20260418,M037,CUST0259,P017,C012,PAY004,Debit Card,,1,24858.27,497.17,24361.11,18170,6191.11,Success
TXN000244,2026-09-20,20260920,M072,CUST0401,P030,C022,PAY004,Debit Card,,1,3841.81,0.0,3841.81,3270,571.81,Success
TXN000245,2026-06-02,20260602,M047,CUST0219,P040,C022,PAY004,Debit Card,,2,2851.2,0.0,2851.2,1920,931.2,Success
TXN000246,2026-05-25,20260525,M056,CUST0325,P048,C006,PAY001,UPI,P2P,2,1880.46,94.02,1786.44,1580,206.44,Success
TXN000247,2026-05-02,20260502,M020,CUST0218,P018,C020,PAY001,UPI,P2M,1,10332.11,0.0,10332.11,7660,2672.11,Success
TXN000248,2026-06-08,20260608,M074,CUST0390,P034,C024,PAY004,Debit Card,,1,472.46,0.0,472.46,370,102.46,Success
TXN000249,2026-04-10,20260410,M062,CUST0315,P003,C012,PAY001,UPI,P2M,2,48974.53,0.0,48974.53,36300,12674.53,Success
TXN000250,2026-04-24,20260424,M081,CUST0474,P038,C006,PAY001,UPI,P2M,2,2283.01,0.0,2283.01,1620,663.01,Success
TXN000251,2026-08-11,20260811,M021,CUST0064,P031,C021,PAY001,UPI,P2M,3,1415.82,113.27,1302.56,1230,72.56,Success
TXN000252,2026-04-15,20260415,M006,CUST0319,P020,C006,PAY001,UPI,P2M,1,19495.66,0.0,19495.66,15240,4255.66,Success
TXN000253,2026-06-08,20260608,M099,CUST0188,P018,C024,PAY001,UPI,P2M,1,10805.87,540.29,10265.57,7660,2605.57,Success
TXN000254,2026-05-07,20260507,M077,CUST0428,P017,C002,PAY003,Credit Card,,1,23395.71,0.0,23395.71,18170,5225.71,Failed
TXN000255,2026-06-26,20260626,M061,CUST0247,P020,C011,PAY005,Cash,,1,19235.99,0.0,19235.99,15240,3995.99,Success
TXN000256,2026-05-08,20260508,M022,CUST0131,P018,C022,PAY003,Credit Card,,2,19738.95,0.0,19738.95,15320,4418.95,Success
TXN000257,2026-05-11,20260511,M028,CUST0224,P010,C003,PAY004,Debit Card,,1,4400.76,352.06,4048.7,3270,778.7,Success
TXN000258,2026-05-25,20260525,M011,CUST0449,P041,C011,PAY005,Cash,,3,5992.82,299.64,5693.18,3780,1913.18,Success
TXN000259,2026-06-25,20260625,M081,CUST0225,P003,C006,PAY005,Cash,,1,23645.88,1891.67,21754.21,18150,3604.21,Success
TXN000260,2026-09-18,20260918,M065,CUST0486,P022,C015,PAY004,Debit Card,,1,979.96,0.0,979.96,740,239.96,Success
TXN000261,2026-09-22,20260922,M033,CUST0117,P040,C008,PAY001,UPI,P2M,1,1463.38,0.0,1463.38,960,503.38,Success
TXN000262,2026-05-14,20260514,M086,CUST0162,P033,C011,PAY001,UPI,P2M,3,561.27,0.0,561.27,450,111.27,Success
TXN000263,2026-04-20,20260420,M092,CUST0338,P015,C017,PAY001,UPI,P2M,1,5504.97,110.1,5394.87,4420,974.87,Success
TXN000264,2026-07-27,20260727,M068,CUST0256,P044,C018,PAY002,UPI,P2P,1,1586.19,79.31,1506.88,1120,386.88,Success
TXN000265,2026-08-04,20260804,M018,CUST0489,P021,C018,PAY003,Credit Card,,1,11633.18,0.0,11633.18,9100,2533.18,Success
TXN000266,2026-08-03,20260803,M030,CUST0266,P023,C005,PAY001,UPI,P2M,2,7846.99,156.94,7690.05,5320,2370.05,Success
TXN000267,2026-04-28,20260428,M064,CUST0431,P019,C014,PAY001,UPI,P2M,2,29582.85,591.66,28991.19,24040,4951.19,Success
TXN000268,2026-06-12,20260612,M026,CUST0469,P047,C001,PAY001,UPI,P2M,1,832.65,0.0,832.65,750,82.65,Success
TXN000269,2026-08-14,20260814,M078,CUST0471,P009,C003,PAY004,Debit Card,,3,137475.71,0.0,137475.71,100110,37365.71,Success
TXN000270,2026-07-10,20260710,M087,CUST0071,P019,C012,PAY004,Debit Card,,1,16138.16,1936.58,14201.58,12020,2181.58,Success
TXN000271,2026-08-12,20260812,M014,CUST0179,P015,C014,PAY004,Debit Card,,1,5883.67,294.18,5589.49,4420,1169.49,Success
TXN000272,2026-08-23,20260823,M036,CUST0445,P025,C011,PAY001,UPI,P2M,2,8563.65,0.0,8563.65,5560,3003.65,Success
TXN000273,2026-05-16,20260516,M060,CUST0470,P044,C010,PAY001,UPI,P2M,1,1682.08,84.1,1597.98,1120,477.98,Success
TXN000274,2026-04-18,20260418,M003,CUST0030,P044,C003,PAY001,UPI,P2M,1,1646.45,197.57,1448.87,1120,328.87,Success
TXN000275,2026-06-21,20260621,M072,CUST0495,P038,C022,PAY001,UPI,P2M,2,2449.48,48.99,2400.49,1620,780.49,Success
TXN000276,2026-08-16,20260816,M099,CUST0328,P026,C024,PAY001,UPI,P2M,1,1689.3,202.72,1486.58,1420,66.58,Success
TXN000277,2026-09-12,20260912,M018,CUST0191,P024,C018,PAY002,UPI,P2P,1,3780.15,0.0,3780.15,2390,1390.15,Success
TXN000278,2026-08-16,20260816,M045,CUST0232,P006,C020,PAY003,Credit Card,,2,77640.85,0.0,77640.85,61380,16260.85,Success
TXN000279,2026-07-18,20260718,M097,CUST0188,P003,C022,PAY001,UPI,P2M,2,48372.77,2418.64,45954.13,36300,9654.13,Success
TXN000280,2026-04-15,20260415,M049,CUST0003,P047,C024,PAY001,UPI,P2M,3,2670.51,53.41,2617.1,2250,367.1,Success
TXN000281,2026-09-21,20260921,M015,CUST0124,P001,C015,PAY004,Debit Card,,1,17148.03,0.0,17148.03,13740,3408.03,Success
TXN000282,2026-07-24,20260724,M081,CUST0120,P024,C006,PAY001,UPI,P2M,1,3672.53,293.8,3378.73,2390,988.73,Success
TXN000283,2026-08-17,20260817,M021,CUST0403,P001,C021,PAY001,UPI,P2M,2,34835.34,0.0,34835.34,27480,7355.34,Success
TXN000284,2026-06-30,20260630,M049,CUST0071,P036,C024,PAY001,UPI,P2M,1,355.95,0.0,355.95,290,65.95,Success
TXN000285,2026-08-28,20260828,M043,CUST0247,P001,C018,PAY004,Debit Card,,1,15948.21,0.0,15948.21,13740,2208.21,Success
TXN000286,2026-09-28,20260928,M009,CUST0235,P050,C009,PAY004,Debit Card,,1,65291.05,0.0,65291.05,57670,7621.05,Failed
TXN000287,2026-07-22,20260722,M088,CUST0254,P027,C013,PAY001,UPI,P2M,1,3729.64,186.48,3543.16,3040,503.16,Success
TXN000288,2026-08-30,20260830,M033,CUST0232,P023,C008,PAY003,Credit Card,,1,3657.39,0.0,3657.39,2660,997.39,Success
TXN000289,2026-08-13,20260813,M021,CUST0168,P031,C021,PAY001,UPI,P2M,1,518.15,25.91,492.24,410,82.24,Failed
TXN000290,2026-04-16,20260416,M063,CUST0067,P002,C013,PAY003,Credit Card,,3,69355.04,0.0,69355.04,52980,16375.04,Success
TXN000291,2026-04-16,20260416,M080,CUST0222,P035,C005,PAY001,UPI,P2M,2,808.34,16.17,792.17,500,292.17,Success
TXN000292,2026-04-06,20260406,M019,CUST0497,P027,C019,PAY004,Debit Card,,1,3765.92,451.91,3314.01,3040,274.01,Success
TXN000293,2026-08-26,20260826,M093,CUST0168,P038,C018,PAY003,Credit Card,,1,1192.57,23.85,1168.71,810,358.71,Success
TXN000294,2026-08-10,20260810,M017,CUST0376,P019,C017,PAY001,UPI,P2M,1,14710.46,735.52,13974.94,12020,1954.94,Success
TXN000295,2026-09-06,20260906,M025,CUST0364,P032,C025,PAY001,UPI,P2M,1,651.31,32.57,618.74,470,148.74,Success
TXN000296,2026-09-30,20260930,M085,CUST0364,P014,C010,PAY004,Debit Card,,1,4352.8,0.0,4352.8,3500,852.8,Success
TXN000297,2026-05-06,20260506,M051,CUST0210,P025,C001,PAY001,UPI,P2M,2,9433.89,0.0,9433.89,5560,3873.89,Success
TXN000298,2026-09-13,20260913,M086,CUST0199,P018,C011,PAY001,UPI,P2M,4,40958.06,819.16,40138.9,30640,9498.9,Success
TXN000299,2026-09-21,20260921,M052,CUST0076,P046,C002,PAY004,Debit Card,,1,464.35,0.0,464.35,290,174.35,Success
TXN000300,2026-07-18,20260718,M004,CUST0373,P002,C004,PAY004,Debit Card,,1,22694.04,2723.28,19970.76,17660,2310.76,Success
TXN000301,2026-07-19,20260719,M075,CUST0342,P045,C025,PAY001,UPI,P2M,1,603.88,0.0,603.88,460,143.88,Success
TXN000302,2026-08-14,20260814,M038,CUST0166,P049,C013,PAY001,UPI,P2P,4,66114.16,0.0,66114.16,52720,13394.16,Success
TXN000303,2026-09-14,20260914,M086,CUST0283,P035,C011,PAY001,UPI,P2M,1,375.37,18.77,356.6,250,106.6,Success
TXN000304,2026-08-24,20260824,M026,CUST0014,P041,C001,PAY001,UPI, P2M ,1,1962.08,39.24,1922.84,1260,662.84,Success
TXN000305,2026-08-24,20260824,M024,CUST0441,P048,C024,PAY005,Cash,,2,1775.45,0.0,1775.45,1580,195.45,Success
TXN000306,2026-07-30,20260730,M018,CUST0064,P014,C018,PAY001,UPI,P2M,2,8731.53,174.63,8556.9,7000,1556.9,Success
TXN000307,2026-09-20,20260920,M011,CUST0331,P022,C011,PAY001,UPI,P2M,2,1837.58,0.0,1837.58,1480,357.58,Success
TXN000308,2026-08-11,20260811,M058,CUST0241,P030,C008,PAY001,UPI,P2M,1,4144.56,207.23,3937.33,3270,667.33,Success
TXN000309,2026-04-18,20260418,M081,CUST0083,P034,C006,PAY001,UPI,P2M,1,467.64,0.0,467.64,370,97.64,Success
TXN000310,2026-09-23,20260923,M056,CUST0498,P020,C006,PAY001,UPI,P2M,2,40125.56,4815.07,35310.49,30480,4830.49,Success
TXN000311,2026-04-04,20260404,M060,CUST0326,P043,C010,PAY001,UPI, P2M ,1,913.91,18.28,895.63,560,335.63,Success
TXN000312,2026-05-20,20260520,M035,CUST0240,P035,C010,PAY001,UPI,P2M,2,741.3,88.96,652.34,500,152.34,Success
TXN000313,2026-04-30,20260430,M050,CUST0373,P029,C025,PAY001,UPI,P2M,2,4785.92,239.3,4546.62,3520,1026.62,Success
TXN000314,2026-06-19,20260619,M064,CUST0198,P017,C014,PAY004,Debit Card,,1,23614.94,1180.75,22434.2,18170,4264.2,Success
TXN000315,2026-08-27,20260827,M023,CUST0158,P044,C023,PAY004,Debit Card,,1,1568.28,188.19,1380.09,1120,260.09,Success
TXN000316,2026-08-29,20260829,M033,CUST0029,P027,C008,PAY001,UPI,P2M,1,3653.68,0.0,3653.68,3040,613.68,Success
TXN000317,2026-05-12,20260512,M005,CUST0337,P032,C005,PAY001,UPI,P2M,1,620.32,31.02,589.31,470,119.31,Success
TXN000318,2026-06-22,20260622,M050,CUST0426,P050,C025,PAY005,Cash,,1,67559.93,1351.2,66208.73,57670,8538.73,Success
TXN000319,2026-05-30,20260530,M061,CUST0353,P050,C011,PAY004,Debit Card,,1,71659.73,0.0,71659.73,57670,13989.73,Success
TXN000320,2026-06-07,20260607,M020,CUST0257,P029,C020,PAY003,Credit Card,,1,2239.89,111.99,2127.89,1760,367.89,Success
TXN000321,2026-04-13,20260413,M057,CUST0409,P037,C007,PAY005,Cash,,2,2551.26,0.0,2551.26,1520,1031.26,Success
TXN000322,2026-04-11,20260411,M036,CUST0079,P044,C011,PAY001,UPI,P2M,2,3349.24,66.98,3282.25,2240,1042.25,Success
TXN000323,2026-06-18,20260618,M052,CUST0164,P035,C002,PAY004,Debit Card,,1,397.72,0.0,397.72,250,147.72,Success
TXN000324,2026-04-11,20260411,M026,CUST0475,P015,C001,PAY001,UPI,P2M,2,11441.87,0.0,11441.87,8840,2601.87,Success
TXN000325,2026-09-27,20260927,M073,CUST0071,P020,C023,PAY001,UPI,P2M,1,18934.4,378.69,18555.72,15240,3315.72,Success
TXN000326,2026-05-17,20260517,M003,CUST0312,P003,C003,PAY003,Credit Card,,1,23363.23,0.0,23363.23,18150,5213.23,Success
TXN000327,2026-08-11,20260811,M005,CUST0004,P028,C005,PAY001,UPI,P2M,1,752.33,60.19,692.14,540,152.14,Success
TXN000328,2026-08-16,20260816,M008,CUST0160,P018,C008,PAY001,UPI,P2M,1,10196.85,203.94,9992.91,7660,2332.91,Success
TXN000329,2026-05-30,20260530,M076,CUST0273,P020,C001,PAY001,UPI,P2M,1,20626.44,412.53,20213.92,15240,4973.92,Success
TXN000330,2026-04-11,20260411,M084,CUST0394,P035,C009,PAY002,UPI,P2P,1,390.68,31.25,359.42,250,109.42,Success
TXN000331,2026-06-08,20260608,M027,CUST0378,P034,C002,PAY003,Credit Card,,2,895.15,0.0,895.15,740,155.15,Success
TXN000332,2026-08-04,20260804,M068,CUST0326,P006,C018,PAY004,Debit Card,,1,35992.89,1799.64,34193.25,30690,3503.25,Success
TXN000333,2026-06-05,20260605,M046,CUST0195,P031,C021,PAY004,Debit Card,,2,1029.21,20.58,1008.62,820,188.62,Success
TXN000334,2026-04-08,20260408,M057,CUST0361,P045,C007,PAY001,UPI,P2M,1,607.0,48.56,558.44,460,98.44,Success
TXN000335,2026-09-12,20260912,M048,CUST0431,P008,C023,PAY001,UPI,P2M,1,18285.45,2194.25,16091.2,13520,2571.2,Success
TXN000336,2026-08-06,20260806,M085,CUST0026,P027,C010,PAY004,Debit Card,,4,15773.19,0.0,15773.19,12160,3613.19,Success
TXN000337,2026-07-25,20260725,M084,CUST0124,P012,C009,PAY001,UPI,P2M,1,1973.36,0.0,1973.36,1600,373.36,Success
TXN000338,2026-08-22,20260822,M060,CUST0004,P044,C010,PAY003,Credit Card,,2,3301.71,0.0,3301.71,2240,1061.71,Success
TXN000339,2026-09-25,20260925,M020,CUST0102,P016,C020,PAY001,UPI,P2M,1,33757.57,1687.88,32069.7,26970,5099.7,Failed
TXN000340,2026-05-24,20260524,M063,CUST0313,P047,C013,PAY003,Credit Card,,1,889.98,44.5,845.48,750,95.48,Success
TXN000341,2026-07-14,20260714,M070,CUST0130,P012,C020,PAY001,UPI,P2M,1,2029.61,0.0,2029.61,1600,429.61,Success
TXN000342,2026-05-19,20260519,M084,CUST0319,P016,C009,PAY001,UPI,P2M,1,31434.16,1571.71,29862.45,26970,2892.45,Success
TXN000343,2026-04-28,20260428,M004,CUST0461,P006,C004,PAY004,Debit Card,,1,38627.74,0.0,38627.74,30690,7937.74,Success
TXN000344,2026-07-29,20260729,M072,CUST0246,P014,C022,PAY001,UPI,P2M,1,4489.22,89.78,4399.44,3500,899.44,Success
TXN000345,2026-09-02,20260902,M041,CUST0446,P036,C016,PAY001,UPI,P2M,1,356.9,0.0,356.9,290,66.9,Success
TXN000346,2026-08-06,20260806,M078,CUST0215,P029,C003,PAY001,UPI,P2M,1,2175.47,0.0,2175.47,1760,415.47,Success
TXN000347,2026-05-02,20260502,M078,CUST0173,P003,C003,PAY001,UPI,P2M,2,51032.01,0.0,51032.01,36300,14732.01,Success
TXN000348,2026-06-21,20260621,M046,CUST0455,P022,C021,PAY004,Debit Card,,2,1870.19,37.4,1832.79,1480,352.79,Success
TXN000349,2026-09-08,20260908,M055,CUST0498,P005,C005,PAY004,Debit Card,,2,93261.71,0.0,93261.71,67200,26061.71,Success
TXN000350,2026-09-19,20260919,M062,CUST0035,P020,C012,PAY003,Credit Card,,1,19333.79,0.0,19333.79,15240,4093.79,Success
TXN000351,2026-06-11,20260611,M060,CUST0053,P008,C010,PAY001,UPI,P2M,1,19267.42,385.35,18882.07,13520,5362.07,Success
TXN000352,2026-07-15,20260715,M062,CUST0394,P001,C012,PAY004,Debit Card,,1,17479.49,349.59,17129.9,13740,3389.9,Success
TXN000353,2026-05-09,20260509,M094,CUST0488,P050,C019,PAY001,UPI,P2M,1,69187.74,1383.75,67803.98,57670,10133.98,Success
TXN000354,2026-06-30,20260630,M009,CUST0486,P034,C009,PAY001,UPI,P2M,2,886.64,0.0,886.64,740,146.64,Success
TXN000355,2026-07-21,20260721,M038,CUST0277,P002,C013,PAY003,Credit Card,,1,21958.24,0.0,21958.24,17660,4298.24,Success
TXN000356,2026-07-06,20260706,M084,CUST0492,P024,C009,PAY005,Cash,,1,3775.37,188.77,3586.61,2390,1196.61,Success
TXN000357,2026-09-04,20260904,M044,CUST0157,P002,C019,PAY005,Cash,,2,46791.42,0.0,46791.42,35320,11471.42,Success
TXN000358,2026-09-29,20260929,M092,CUST0137,P005,C017,PAY003,Credit Card,,1,47279.83,3782.39,43497.44,33600,9897.44,Success
TXN000359,2026-08-16,20260816,M042,CUST0020,P031,C017,PAY004,Debit Card,,1,521.6,10.43,511.17,410,101.17,Success
TXN000360,2026-08-10,20260810,M088,CUST0268,P039,C013,PAY001,UPI,P2M,2,1192.83,95.43,1097.4,920,177.4,Failed
TXN000361,2026-06-09,20260609,M010,CUST0378,P035,C010,PAY004,Debit Card,,1,397.47,0.0,397.47,250,147.47,Success
TXN000362,2026-08-16,20260816,M018,CUST0378,P003,C018,PAY003,Credit Card,,1,24114.85,0.0,24114.85,18150,5964.85,Success
TXN000363,2026-06-03,20260603,M029,CUST0435,P015,C004,PAY005,Cash,,1,5794.77,0.0,5794.77,4420,1374.77,Success
TXN000364,2026-08-08,20260808,M087,CUST0272,P011,C012,PAY001,UPI,P2M,1,3783.24,0.0,3783.24,2510,1273.24,Success
TXN000365,2026-06-06,20260606,M090,CUST0270,P005,C015,PAY001,UPI,P2M,1,48448.94,2422.45,46026.49,33600,12426.49,Success
TXN000366,2026-05-27,20260527,M070,CUST0471,P005,C020,PAY001,UPI,P2M,4,190686.54,15254.92,175431.62,134400,41031.62,Success
TXN000367,2026-09-27,20260927,M087,CUST0489,P047,C012,PAY004,Debit Card,,2,1746.55,0.0,1746.55,1500,246.55,Success
TXN000368,2026-04-05,20260405,M064,CUST0026,P013,C014,PAY004,Debit Card,,2,5485.57,0.0,5485.57,3540,1945.57,Success
TXN000369,2026-06-17,20260617,M060,CUST0384,P006,C010,PAY003,Credit Card,,3,110996.94,0.0,110996.94,92070,18926.94,Success
TXN000370,2026-07-27,20260727,M063,CUST0149,P012,C013,PAY004,Debit Card,,1,2020.34,0.0,2020.34,1600,420.34,Success
TXN000371,2026-04-04,20260404,M012,CUST0041,P010,C012,PAY001,UPI,P2M,1,4848.24,581.79,4266.45,3270,996.45,Success
TXN000372,2026-09-27,20260927,M030,CUST0249,P041,C005,PAY004,Debit Card,,1,1986.02,39.72,1946.3,1260,686.3,Success
TXN000373,2026-07-04,20260704,M093,CUST0186,P021,C018,PAY003,Credit Card,,1,10535.43,0.0,10535.43,9100,1435.43,Success
TXN000374,2026-09-16,20260916,M001,CUST0204,P043,C001,PAY004,Debit Card,,1,841.73,16.83,824.9,560,264.9,Success
TXN000375,2026-04-06,20260406,M021,CUST0099,P029,C021,PAY004,Debit Card,,2,4845.5,0.0,4845.5,3520,1325.5,Success
TXN000376,2026-09-17,20260917,M091,CUST0062,P006,C016,PAY001,UPI,P2M,1,37388.59,0.0,37388.59,30690,6698.59,Success
TXN000377,2026-08-17,20260817,M065,CUST0118,P009,C015,PAY001,UPI,P2M,2,88009.13,10561.1,77448.03,66740,10708.03,Success
TXN000378,2026-06-25,20260625,M071,CUST0498,P025,C021,PAY001,UPI,P2M,1,4518.12,90.36,4427.76,2780,1647.76,Success
TXN000379,2026-04-12,20260412,M026,CUST0133,P034,C001,PAY001,UPI,P2M,1,453.7,0.0,453.7,370,83.7,Success
TXN000380,2026-06-20,20260620,M028,CUST0435,P028,C003,PAY003,Credit Card,,3,2481.04,198.48,2282.55,1620,662.55,Success
TXN000381,2026-09-11,20260911,M100,CUST0200,P020,C025,PAY001,UPI,P2M,2,40359.58,0.0,40359.58,30480,9879.58,Success
TXN000382,2026-08-20,20260820,M037,CUST0469,P017,C012,PAY001,UPI,P2M,1,23337.53,1166.88,22170.66,18170,4000.66,Success
TXN000383,2026-07-16,20260716,M046,CUST0239,P012,C021,PAY001,UPI,P2M,1,1973.66,98.68,1874.98,1600,274.98,Success
TXN000384,2026-08-15,20260815,M033,CUST0354,P026,C008,PAY004,Debit Card,,1,1663.76,133.1,1530.66,1420,110.66,Success
TXN000385,2026-07-31,20260731,M026,CUST0106,P025,C001,PAY005,Cash,,2,9344.77,747.58,8597.19,5560,3037.19,Success
TXN000386,2026-09-30,20260930,M070,CUST0470,P013,C020,PAY001,UPI,P2M,1,2765.09,138.25,2626.84,1770,856.84,Success
TXN000387,2026-06-03,20260603,M062,CUST0427,P044,C012,PAY001,UPI,P2M,1,1612.01,0.0,1612.01,1120,492.01,Success
TXN000388,2026-04-16,20260416,M055,CUST0359,P001,C005,PAY001,UPI,P2M,1,16480.74,1977.69,14503.05,13740,763.05,Success
TXN000389,2026-07-19,20260719,M061,CUST0272,P009,C011,PAY004,Debit Card,,1,44291.02,0.0,44291.02,33370,10921.02,Success
TXN000390,2026-06-23,20260623,M017,CUST0033,P030,C017,PAY004,Debit Card,,1,3870.27,193.51,3676.76,3270,406.76,Failed
TXN000391,2026-08-06,20260806,M033,CUST0317,P027,C008,PAY005,Cash,,4,15384.45,0.0,15384.45,12160,3224.45,Success
TXN000392,2026-07-23,20260723,M007,CUST0145,P009,C007,PAY001,UPI,P2M,1,47032.57,940.65,46091.92,33370,12721.92,Success
TXN000393,2026-04-04,20260404,M077,CUST0145,P033,C002,PAY005,Cash,,1,168.32,0.0,168.32,150,18.32,Success
TXN000394,2026-07-21,20260721,M038,CUST0327,P009,C013,PAY005,Cash,,1,47638.17,0.0,47638.17,33370,14268.17,Success
TXN000395,2026-05-19,20260519,M092,CUST0139,P012,C017,PAY001,UPI,P2M,3,6001.83,300.09,5701.74,4800,901.74,Success
TXN000396,2026-05-03,20260503,M071,CUST0066,P046,C021,PAY004,Debit Card,,3,1460.6,73.03,1387.57,870,517.57,Success
TXN000397,2026-07-07,20260707,M086,CUST0376,P026,C011,PAY001,UPI,P2M,1,1616.06,80.8,1535.26,1420,115.26,Success
TXN000398,2026-06-24,20260624,M032,CUST0339,P025,C007,PAY003,Credit Card,,3,13121.49,0.0,13121.49,8340,4781.49,Success
TXN000399,2026-05-05,20260505,M093,CUST0163,P008,C018,PAY005,Cash,,1,19713.57,2365.63,17347.94,13520,3827.94,Success
TXN000400,2026-07-13,20260713,M092,CUST0424,P014,C017,PAY004,Debit Card,,1,4302.37,86.05,4216.32,3500,716.32,Success
TXN000401,2026-06-24,20260624,M088,CUST0021,P025,C013,PAY005,Cash,,1,4609.71,0.0,4609.71,2780,1829.71,Success
TXN000402,2026-04-09,20260409,M070,CUST0137,P032,C020,PAY004,Debit Card,,1,660.72,33.04,627.68,470,157.68,Success
TXN000403,2026-07-19,20260719,M034,CUST0480,P046,C009,PAY003,Credit Card,,1,493.99,39.52,454.47,290,164.47,Success
TXN000404,2026-05-05,20260505,M069,CUST0361,P021,C019,PAY001,UPI,P2M,1,10372.62,518.63,9853.99,9100,753.99,Success
TXN000405,2026-06-21,20260621,M032,CUST0362,P025,C007,PAY004,Debit Card,,1,4617.89,0.0,4617.89,2780,1837.89,Success
TXN000406,2026-06-07,20260607,M042,CUST0057,P021,C017,PAY001,UPI,P2M,1,10771.22,215.42,10555.8,9100,1455.8,Success
TXN000407,2026-09-23,20260923,M086,CUST0489,P013,C011,PAY001,UPI,P2M,1,2873.47,143.67,2729.79,1770,959.79,Success
TXN000408,2026-05-27,20260527,M030,CUST0301,P023,C005,PAY004,Debit Card,,1,4021.4,201.07,3820.33,2660,1160.33,Success
TXN000409,2026-05-31,20260531,M052,CUST0331,P039,C002,PAY002,UPI,P2P,1,572.71,0.0,572.71,460,112.71,Success
TXN000410,2026-04-20,20260420,M001,CUST0241,P043,C001,PAY001,UPI,P2M,1,921.9,110.63,811.27,560,251.27,Success
TXN000411,2026-06-28,20260628,M033,CUST0059,P040,C008,PAY001,UPI,P2M,1,1500.19,0.0,1500.19,960,540.19,Success
TXN000412,2026-04-06,20260406,M019,CUST0025,P035,C019,PAY001,UPI,P2M,2,791.34,63.31,728.03,500,228.03,Success
TXN000413,2026-06-16,20260616,M061,CUST0404,P025,C011,PAY004,Debit Card,,1,4294.87,0.0,4294.87,2780,1514.87,Success
TXN000414,2026-08-10,20260810,M027,CUST0415,P016,C002,PAY001,UPI,P2M,1,31413.05,0.0,31413.05,26970,4443.05,Success
TXN000415,2026-08-12,20260812,M056,CUST0116,P007,C006,PAY001,UPI,P2M,3,107516.46,0.0,107516.46,88440,19076.46,Success
TXN000416,2026-08-24,20260824,M094,CUST0468,P022,C019,PAY004,Debit Card,,3,2773.57,138.68,2634.89,2220,414.89,Success
TXN000417,2026-07-23,20260723,M046,CUST0014,P026,C021,PAY005,Cash,,1,1719.54,137.56,1581.98,1420,161.98,Success
TXN000418,2026-04-20,20260420,M100,CUST0466,P042,C025,PAY001,UPI,P2M,1,641.85,0.0,641.85,510,131.85,Failed
TXN000419,2026-06-29,20260629,M069,CUST0223,P002,C019,PAY001,UPI,P2M,2,46237.86,3699.03,42538.83,35320,7218.83,Success
TXN000420,2026-04-06,20260406,M020,CUST0397,P014,C020,PAY003,Credit Card,,2,8740.47,699.24,8041.23,7000,1041.23,Success
TXN000421,2026-07-26,20260726,M059,CUST0382,P034,C009,PAY001,UPI,P2M,4,1921.63,96.08,1825.55,1480,345.55,Success
TXN000422,2026-06-02,20260602,M068,CUST0424,P039,C018,PAY001,UPI,P2M,1,623.95,31.2,592.75,460,132.75,Success
TXN000423,2026-06-09,20260609,M008,CUST0475,P031,C008,PAY001,UPI,P2M,1,507.48,0.0,507.48,410,97.48,Success
TXN000424,2026-04-12,20260412,M078,CUST0046,P021,C003,PAY003,Credit Card,,2,21736.58,434.73,21301.85,18200,3101.85,Success
TXN000425,2026-07-06,20260706,M007,CUST0085,P035,C007,PAY001,UPI,P2M,4,1553.36,31.07,1522.29,1000,522.29,Success
TXN000426,2026-09-30,20260930,M025,CUST0019,P022,C025,PAY001,UPI,P2M,1,942.33,18.85,923.49,740,183.49,Success
TXN000427,2026-06-04,20260604,M021,CUST0204,P008,C021,PAY004,Debit Card,,1,18155.7,2178.68,15977.01,13520,2457.01,Success
TXN000428,2026-05-28,20260528,M099,CUST0181,P031,C024,PAY003,Credit Card,,1,488.92,0.0,488.92,410,78.92,Failed
TXN000429,2026-04-28,20260428,M090,CUST0271,P047,C015,PAY003,Credit Card,,2,1759.52,87.98,1671.55,1500,171.55,Success
TXN000430,2026-06-15,20260615,M001,CUST0307,P012,C001,PAY001,UPI,P2M,1,1938.25,96.91,1841.33,1600,241.33,Success
TXN000431,2026-08-16,20260816,M012,CUST0429,P030,C012,PAY005,Cash,,2,7525.03,0.0,7525.03,6540,985.03,Success
TXN000432,2026-04-18,20260418,M054,CUST0182,P019,C004,PAY005,Cash,,3,47487.13,3798.97,43688.16,36060,7628.16,Success
TXN000433,2026-08-22,20260822,M036,CUST0002,P047,C011,PAY001,UPI,P2M,1,829.68,41.48,788.2,750,38.2,Success
TXN000434,2026-05-07,20260507,M080,CUST0336,P021,C005,PAY001,UPI,P2M,2,22341.47,1787.32,20554.15,18200,2354.15,Success
TXN000435,2026-08-13,20260813,M083,CUST0143,P011,C008,PAY004,Debit Card,,1,3814.63,305.17,3509.46,2510,999.46,Success
TXN000436,2026-05-18,20260518,M022,CUST0442,P026,C022,PAY001,UPI, P2M ,1,1618.5,32.37,1586.13,1420,166.13,Success
TXN000437,2026-06-05,20260605,M046,CUST0360,P044,C021,PAY003,Credit Card,,2,3209.84,0.0,3209.84,2240,969.84,Success
TXN000438,2026-05-13,20260513,M068,CUST0211,P048,C018,PAY003,Credit Card,,3,2673.27,0.0,2673.27,2370,303.27,Success
TXN000439,2026-06-21,20260621,M022,CUST0062,P025,C022,PAY001,UPI,P2M,1,4523.4,90.47,4432.94,2780,1652.94,Success
TXN000440,2026-06-07,20260607,M006,CUST0059,P045,C006,PAY003,Credit Card,,1,626.09,0.0,626.09,460,166.09,Failed
TXN000441,2026-06-07,20260607,M046,CUST0028,P041,C021,PAY003,Credit Card,,1,2055.65,102.78,1952.86,1260,692.86,Success
TXN000442,2026-04-29,20260429,M091,CUST0404,P017,C016,PAY005,Cash,,1,25219.0,0.0,25219.0,18170,7049.0,Success
TXN000443,2026-08-14,20260814,M026,CUST0140,P047,C001,PAY001,UPI,P2M,1,905.69,18.11,887.58,750,137.58,Success
TXN000444,2026-07-11,20260711,M071,CUST0060,P030,C021,PAY001,UPI,P2M,3,12469.53,1496.34,10973.19,9810,1163.19,Success
TXN000445,2026-06-21,20260621,M082,CUST0093,P029,C007,PAY001,UPI,P2M,2,4675.12,233.76,4441.36,3520,921.36,Success
TXN000446,2026-05-28,20260528,M034,CUST0317,P031,C009,PAY005,Cash,,1,498.78,59.85,438.93,410,28.93,Success
TXN000447,2026-08-31,20260831,M084,CUST0449,P024,C009,PAY001, UPI ,P2M,1,3801.02,0.0,3801.02,2390,1411.02,Success
TXN000448,2026-08-16,20260816,M002,CUST0037,P015,C002,PAY005,Cash,,1,6031.24,0.0,6031.24,4420,1611.24,Failed
TXN000449,2026-05-01,20260501,M095,CUST0434,P037,C020,PAY002,UPI,P2P,1,1325.55,0.0,1325.55,760,565.55,Success
TXN000450,2026-09-18,20260918,M024,CUST0445,P048,C024,PAY001,UPI,P2M,1,927.08,46.35,880.73,790,90.73,Success
TXN000451,2026-07-15,20260715,M016,CUST0166,P026,C016,PAY003,Credit Card,,1,1766.16,211.94,1554.22,1420,134.22,Failed
TXN000452,2026-04-18,20260418,M074,CUST0489,P003,C024,PAY001,UPI,P2M,1,25656.1,3078.73,22577.37,18150,4427.37,Success
TXN000453,2026-04-18,20260418,M078,CUST0454,P045,C003,PAY001,UPI,P2M,1,639.49,0.0,639.49,460,179.49,Success
TXN000454,2026-09-06,20260906,M097,CUST0172,P006,C022,PAY002,UPI,P2P,1,36456.78,729.14,35727.65,30690,5037.65,Success
TXN000455,2026-04-18,20260418,M097,CUST0196,P030,C022,PAY001,UPI,P2M,1,3698.09,73.96,3624.13,3270,354.13,Success
TXN000456,2026-05-09,20260509,M056,CUST0081,P027,C006,PAY003,Credit Card,,1,4021.31,0.0,4021.31,3040,981.31,Success
TXN000457,2026-06-09,20260609,M003,CUST0331,P040,C003,PAY001,UPI,P2M,1,1371.95,68.6,1303.35,960,343.35,Success
TXN000458,2026-04-13,20260413,M008,CUST0229,P035,C008,PAY001,UPI,P2M,1,359.84,17.99,341.85,250,91.85,Success
TXN000459,2026-04-20,20260420,M048,CUST0367,P021,C023,PAY001,UPI,P2M,1,11153.47,557.67,10595.79,9100,1495.79,Success
TXN000460,2026-05-01,20260501,M031,CUST0217,P037,C006,PAY005,Cash,,3,3652.77,73.06,3579.71,2280,1299.71,Success
TXN000461,2026-07-25,20260725,M014,CUST0478,P047,C014,PAY001,UPI,P2M,2,1817.59,36.35,1781.24,1500,281.24,Success
TXN000462,2026-08-25,20260825,M054,CUST0318,P004,C004,PAY001,UPI,P2M,2,70380.93,0.0,70380.93,60000,10380.93,Success
TXN000463,2026-04-07,20260407,M069,CUST0260,P042,C019,PAY001,UPI,P2M,4,2473.53,296.82,2176.71,2040,136.71,Success
TXN000464,2026-08-02,20260802,M022,CUST0110,P030,C022,PAY004,Debit Card,,1,4083.45,0.0,4083.45,3270,813.45,Success
TXN000465,2026-08-04,20260804,M100,CUST0054,P007,C025,PAY001,UPI,P2M,3,106814.56,0.0,106814.56,88440,18374.56,Success
TXN000466,2026-04-10,20260410,M045,CUST0111,P015,C020,PAY001,UPI,P2M,1,5625.57,281.28,5344.3,4420,924.3,Success
TXN000467,2026-06-18,20260618,M005,CUST0260,P008,C005,PAY005,Cash,,1,19483.85,389.68,19094.18,13520,5574.18,Success
TXN000468,2026-08-04,20260804,M070,CUST0360,P026,C020,PAY003,Credit Card,,1,1693.75,84.69,1609.07,1420,189.07,Success
TXN000469,2026-05-26,20260526,M031,CUST0261,P011,C006,PAY001,UPI,P2M,1,4010.24,0.0,4010.24,2510,1500.24,Success
TXN000470,2026-09-14,20260914,M061,CUST0133,P019,C011,PAY001,UPI,P2M,1,15744.34,0.0,15744.34,12020,3724.34,Success
TXN000471,2026-04-30,20260430,M020,CUST0131,P044,C020,PAY004,Debit Card,,2,3296.68,65.93,3230.74,2240,990.74,Success
TXN000472,2026-08-19,20260819,M059,CUST0228,P039,C009,PAY001,UPI,P2M,2,1171.56,93.72,1077.83,920,157.83,Success
TXN000473,2026-06-05,20260605,M080,CUST0356,P045,C005,PAY003,Credit Card,,1,647.89,0.0,647.89,460,187.89,Success
TXN000474,2026-09-30,20260930,M011,CUST0144,P004,C011,PAY001,UPI,P2M,1,38109.37,0.0,38109.37,30000,8109.37,Success
TXN000475,2026-07-10,20260710,M022,CUST0322,P026,C022,PAY003,Credit Card,,1,1613.78,0.0,1613.78,1420,193.78,Success
TXN000476,2026-08-28,20260828,M052,CUST0423,P043,C002,PAY001,UPI,P2M,4,3375.11,0.0,3375.11,2240,1135.11,Success
TXN000477,2026-07-24,20260724,M044,CUST0436,P034,C019,PAY004,Debit Card,,1,453.1,0.0,453.1,370,83.1,Success
TXN000478,2026-09-08,20260908,M088,CUST0221,P042,C013,PAY005,Cash,,1,609.62,0.0,609.62,510,99.62,Success
TXN000479,2026-06-15,20260615,M087,CUST0036,P023,C012,PAY001,UPI,P2M,2,7366.19,0.0,7366.19,5320,2046.19,Success
TXN000480,2026-04-22,20260422,M088,CUST0275,P012,C013,PAY004,Debit Card,,1,1874.11,93.71,1780.4,1600,180.4,Success
TXN000481,2026-08-20,20260820,M084,CUST0006,P038,C009,PAY004,Debit Card,,1,1150.22,92.02,1058.21,810,248.21,Success
TXN000482,2026-07-10,20260710,M043,CUST0345,P014,C018,PAY004,Debit Card,,2,9013.8,450.69,8563.11,7000,1563.11,Success
TXN000483,2026-06-20,20260620,M075,CUST0027,P014,C025,PAY001, UPI ,P2M,1,4162.34,208.12,3954.22,3500,454.22,Success
TXN000484,2026-04-14,20260414,M097,CUST0104,P027,C022,PAY003,Credit Card,,1,3824.85,191.24,3633.61,3040,593.61,Success
TXN000485,2026-08-19,20260819,M083,CUST0366,P008,C008,PAY003,Credit Card,,1,19269.76,0.0,19269.76,13520,5749.76,Success
TXN000486,2026-07-05,20260705,M059,CUST0168,P006,C009,PAY003,Credit Card,,2,73544.6,0.0,73544.6,61380,12164.6,Success
TXN000487,2026-05-28,20260528,M053,CUST0014,P017,C003,PAY003,Credit Card,,1,23999.06,0.0,23999.06,18170,5829.06,Success
TXN000488,2026-05-09,20260509,M015,CUST0197,P003,C015,PAY001,UPI,P2M,2,45896.88,3671.75,42225.13,36300,5925.13,Success
TXN000489,2026-09-29,20260929,M064,CUST0100,P044,C014,PAY001,UPI,P2M,1,1610.02,0.0,1610.02,1120,490.02,Success
TXN000490,2026-08-12,20260812,M008,CUST0466,P001,C008,PAY003,Credit Card,,3,48442.88,2422.14,46020.74,41220,4800.74,Success
TXN000491,2026-08-10,20260810,M100,CUST0359,P002,C025,PAY001,UPI,P2M,1,22987.81,0.0,22987.81,17660,5327.81,Success
TXN000492,2026-04-24,20260424,M093,CUST0222,P019,C018,PAY003,Credit Card,,3,47619.36,2380.97,45238.39,36060,9178.39,Success
TXN000493,2026-09-24,20260924,M044,CUST0226,P046,C019,PAY001,UPI,P2M,1,493.05,9.86,483.19,290,193.19,Success
TXN000494,2026-05-29,20260529,M058,CUST0408,P043,C008,PAY001,UPI,P2M,1,914.08,73.13,840.96,560,280.96,Success
TXN000495,2026-09-24,20260924,M082,CUST0435,P038,C007,PAY001,UPI,P2M,1,1145.61,0.0,1145.61,810,335.61,Success
TXN000496,2026-05-24,20260524,M042,CUST0158,P050,C017,PAY001,UPI,P2M,2,142943.0,0.0,142943.0,115340,27603.0,Success
TXN000497,2026-09-15,20260915,M045,CUST0085,P027,C020,PAY001,UPI,P2M,4,16064.88,0.0,16064.88,12160,3904.88,Success
TXN000498,2026-04-12,20260412,M097,CUST0323,P011,C022,PAY001,UPI,P2M,1,3778.18,0.0,3778.18,2510,1268.18,Success
TXN000499,2026-05-15,20260515,M016,CUST0443,P005,C016,PAY001,UPI,P2M,1,50244.34,4019.55,46224.79,33600,12624.79,Success
TXN000500,2026-05-15,20260515,M073,CUST0291,P026,C023,PAY001,UPI,P2M,2,3448.8,68.98,3379.83,2840,539.83,Success
TXN000501,2026-08-01,20260801,M010,CUST0244,P024,C010,PAY004,Debit Card,,1,3396.49,67.93,3328.56,2390,938.56,Success
TXN000502,2026-05-12,20260512,M078,CUST0438,P025,C003,PAY001,UPI,P2M,1,4648.23,232.41,4415.82,2780,1635.82,Success
TXN000503,2026-09-05,20260905,M057,CUST0050,P027,C007,PAY001,UPI,P2M,1,3853.17,0.0,3853.17,3040,813.17,Success
TXN000504,2026-04-11,20260411,M077,CUST0468,P024,C002,PAY001,UPI,P2M,2,7006.9,0.0,7006.9,4780,2226.9,Success
TXN000505,2026-04-20,20260420,M021,CUST0234,P046,C021,PAY001,UPI,P2M,1,453.48,0.0,453.48,290,163.48,Success
TXN000506,2026-09-29,20260929,M013,CUST0460,P010,C013,PAY001,UPI,P2M,2,9224.67,0.0,9224.67,6540,2684.67,Success
TXN000507,2026-06-16,20260616,M093,CUST0278,P048,C018,PAY005,Cash,,1,901.32,0.0,901.32,790,111.32,Success
TXN000508,2026-08-19,20260819,M079,CUST0102,P013,C004,PAY001,UPI,P2M,1,2955.82,147.79,2808.03,1770,1038.03,Success
TXN000509,2026-07-10,20260710,M040,CUST0310,P020,C015,PAY001,UPI,P2M,2,42105.11,842.1,41263.01,30480,10783.01,Success
TXN000510,2026-05-05,20260505,M024,CUST0222,P030,C024,PAY001,UPI,P2M,2,8257.07,0.0,8257.07,6540,1717.07,Success
TXN000511,2026-09-01,20260901,M024,CUST0349,P004,C024,PAY001,UPI,P2M,1,36849.33,4421.92,32427.41,30000,2427.41,Success
TXN000512,2026-07-12,20260712,M035,CUST0458,P020,C010,PAY003,Credit Card,,2,41003.35,2050.17,38953.18,30480,8473.18,Success
TXN000513,2026-04-15,20260415,M004,CUST0097,P050,C004,PAY004,Debit Card,,1,71626.96,0.0,71626.96,57670,13956.96,Success
TXN000514,2026-06-23,20260623,M089,CUST0267,P015,C014,PAY001,UPI,P2M,4,21647.83,432.96,21214.88,17680,3534.88,Success
TXN000515,2026-07-22,20260722,M096,CUST0044,P005,C021,PAY003,Credit Card,,2,93628.37,0.0,93628.37,67200,26428.37,Success
TXN000516,2026-09-01,20260901,M030,CUST0346,P022,C005,PAY001,UPI, P2M ,1,978.03,78.24,899.78,740,159.78,Success
TXN000517,2026-08-19,20260819,M069,CUST0141,P002,C019,PAY005,Cash,,1,22883.59,2746.03,20137.56,17660,2477.56,Success
TXN000518,2026-09-15,20260915,M091,CUST0221,P003,C016,PAY001,UPI,P2M,1,25834.26,3100.11,22734.15,18150,4584.15,Success
TXN000519,2026-04-05,20260405,M008,CUST0160,P012,C008,PAY001,UPI,P2M,1,2037.18,244.46,1792.72,1600,192.72,Success
TXN000520,2026-05-30,20260530,M036,CUST0497,P040,C011,PAY001,UPI,P2M,1,1409.61,70.48,1339.13,960,379.13,Success
TXN000521,2026-04-25,20260425,M048,CUST0355,P044,C023,PAY001,UPI,P2M,1,1600.74,80.04,1520.7,1120,400.7,Success
TXN000522,2026-08-15,20260815,M032,CUST0362,P042,C007,PAY001,UPI,P2M,1,643.56,0.0,643.56,510,133.56,Success
TXN000523,2026-08-22,20260822,M091,CUST0475,P005,C016,PAY001,UPI,P2M,1,49791.43,0.0,49791.43,33600,16191.43,Success
TXN000524,2026-04-06,20260406,M076,CUST0452,P046,C001,PAY004,Debit Card,,1,494.12,24.71,469.41,290,179.41,Success
TXN000525,2026-07-30,20260730,M016,CUST0008,P035,C016,PAY004,Debit Card,,1,363.88,29.11,334.77,250,84.77,Success
TXN000526,2026-04-08,20260408,M047,CUST0375,P037,C022,PAY004,Debit Card,,1,1307.88,65.39,1242.49,760,482.49,Success
TXN000527,2026-04-19,20260419,M010,CUST0433,P008,C010,PAY001, UPI ,P2M,1,18198.83,909.94,17288.89,13520,3768.89,Success
TXN000528,2026-04-06,20260406,M084,CUST0341,P019,C009,PAY001,UPI,P2M,4,61203.07,0.0,61203.07,48080,13123.07,Success
TXN000529,2026-04-18,20260418,M063,CUST0405,P019,C013,PAY001,UPI,P2M,1,15534.4,0.0,15534.4,12020,3514.4,Success
TXN000530,2026-04-18,20260418,M056,CUST0223,P016,C006,PAY001,UPI,P2M,3,94434.59,0.0,94434.59,80910,13524.59,Success
TXN000531,2026-07-10,20260710,M001,CUST0419,P018,C001,PAY003,Credit Card,,1,10963.62,1315.63,9647.99,7660,1987.99,Success
TXN000532,2026-06-16,20260616,M091,CUST0390,P034,C016,PAY003,Credit Card,,1,454.17,0.0,454.17,370,84.17,Success
TXN000533,2026-06-17,20260617,M068,CUST0185,P015,C018,PAY003,Credit Card,,1,5660.96,113.22,5547.74,4420,1127.74,Success
TXN000534,2026-07-10,20260710,M048,CUST0419,P026,C023,PAY003,Credit Card,,4,6548.7,0.0,6548.7,5680,868.7,Success
TXN000535,2026-05-30,20260530,M043,CUST0315,P014,C018,PAY004,Debit Card,,1,4100.35,328.03,3772.33,3500,272.33,Success
TXN000536,2026-06-12,20260612,M071,CUST0456,P043,C021,PAY001,UPI,P2M,2,1695.13,0.0,1695.13,1120,575.13,Success
TXN000537,2026-04-06,20260406,M059,CUST0419,P019,C009,PAY004,Debit Card,,2,32080.77,641.62,31439.15,24040,7399.15,Success
TXN000538,2026-06-25,20260625,M038,CUST0240,P001,C013,PAY005,Cash,,1,16041.88,0.0,16041.88,13740,2301.88,Success
TXN000539,2026-09-08,20260908,M070,CUST0392,P017,C020,PAY001,UPI,P2M,2,47401.27,0.0,47401.27,36340,11061.27,Success
TXN000540,2026-07-23,20260723,M025,CUST0307,P017,C025,PAY002,UPI,P2P,4,100861.33,0.0,100861.33,72680,28181.33,Success
TXN000541,2026-05-10,20260510,M005,CUST0265,P035,C005,PAY004,Debit Card,,1,369.96,0.0,369.96,250,119.96,Success
TXN000542,2026-04-20,20260420,M061,CUST0365,P001,C011,PAY001,UPI,P2M,2,32876.53,0.0,32876.53,27480,5396.53,Success
TXN000543,2026-04-15,20260415,M086,CUST0091,P010,C011,PAY001,UPI,P2M,1,4493.76,224.69,4269.08,3270,999.08,Success
TXN000544,2026-08-10,20260810,M034,CUST0266,P010,C009,PAY001,UPI,P2M,1,4746.53,94.93,4651.6,3270,1381.6,Success
TXN000545,2026-07-02,20260702,M092,CUST0441,P020,C017,PAY001,UPI,P2M,1,19863.75,397.27,19466.47,15240,4226.47,Success
TXN000546,2026-09-01,20260901,M083,CUST0046,P029,C008,PAY003,Credit Card,,1,2311.53,0.0,2311.53,1760,551.53,Success
TXN000547,2026-08-23,20260823,M079,CUST0009,P039,C004,PAY001,UPI,P2M,1,580.97,0.0,580.97,460,120.97,Success
TXN000548,2026-08-29,20260829,M095,CUST0408,P016,C020,PAY001,UPI,P2M,3,94961.92,0.0,94961.92,80910,14051.92,Success
TXN000549,2026-07-07,20260707,M010,CUST0300,P007,C010,PAY001,UPI,P2M,1,36171.78,723.44,35448.35,29480,5968.35,Success
TXN000550,2026-09-11,20260911,M044,CUST0449,P021,C019,PAY004,Debit Card,,2,22029.4,0.0,22029.4,18200,3829.4,Success
TXN000551,2026-05-02,20260502,M049,CUST0115,P004,C024,PAY001,UPI,P2M,1,37926.76,0.0,37926.76,30000,7926.76,Success
TXN000552,2026-05-29,20260529,M034,CUST0141,P050,C009,PAY004,Debit Card,,1,67859.04,3392.95,64466.09,57670,6796.09,Success
TXN000553,2026-07-02,20260702,M089,CUST0230,P048,C014,PAY005,Cash,,1,910.72,18.21,892.51,790,102.51,Success
TXN000554,2026-07-01,20260701,M005,CUST0280,P019,C005,PAY001,UPI,P2M,1,14935.38,0.0,14935.38,12020,2915.38,Success
TXN000555,2026-09-06,20260906,M030,CUST0459,P014,C005,PAY001,UPI,P2M,1,4172.26,0.0,4172.26,3500,672.26,Success
TXN000556,2026-07-22,20260722,M024,CUST0401,P007,C024,PAY001,UPI,P2M,1,36227.31,1811.37,34415.95,29480,4935.95,Success
TXN000557,2026-06-27,20260627,M016,CUST0330,P019,C016,PAY001,UPI,P2M,3,44614.21,2230.71,42383.5,36060,6323.5,Success
TXN000558,2026-06-03,20260603,M030,CUST0150,P029,C005,PAY004,Debit Card,,1,2343.07,0.0,2343.07,1760,583.07,Success
TXN000559,2026-04-15,20260415,M096,CUST0162,P033,C021,PAY001,UPI,P2M,1,173.56,3.47,170.09,150,20.09,Success
TXN000560,2026-06-15,20260615,M086,CUST0044,P010,C011,PAY001,UPI,P2M,1,4762.14,380.97,4381.17,3270,1111.17,Success
TXN000561,2026-07-23,20260723,M012,CUST0466,P022,C012,PAY001,UPI,P2M,1,917.06,45.85,871.21,740,131.21,Success
TXN000562,2026-09-07,20260907,M037,CUST0213,P042,C012,PAY004,Debit Card,,1,621.55,0.0,621.55,510,111.55,Success
TXN000563,2026-09-18,20260918,M026,CUST0481,P013,C001,PAY003,Credit Card,,1,2952.39,0.0,2952.39,1770,1182.39,Success
TXN000564,2026-05-20,20260520,M092,CUST0357,P016,C017,PAY004,Debit Card,,3,101445.29,2028.91,99416.38,80910,18506.38,Success
TXN000565,2026-09-28,20260928,M083,CUST0054,P001,C008,PAY004,Debit Card,,2,34132.2,2730.58,31401.62,27480,3921.62,Success
TXN000566,2026-04-19,20260419,M062,CUST0296,P013,C012,PAY005,Cash,,2,5515.08,275.75,5239.32,3540,1699.32,Success
TXN000567,2026-05-17,20260517,M024,CUST0294,P048,C024,PAY001,UPI,P2M,2,1884.2,0.0,1884.2,1580,304.2,Success
TXN000568,2026-05-11,20260511,M083,CUST0042,P033,C008,PAY005,Cash,,2,338.06,16.9,321.16,300,21.16,Success
TXN000569,2026-08-01,20260801,M028,CUST0019,P020,C003,PAY004,Debit Card,,2,39728.99,0.0,39728.99,30480,9248.99,Failed
TXN000570,2026-09-26,20260926,M053,CUST0353,P044,C003,PAY003,Credit Card,,1,1607.19,32.14,1575.04,1120,455.04,Success
TXN000571,2026-05-26,20260526,M031,CUST0264,P045,C006,PAY001,UPI,P2M,1,643.84,12.88,630.96,460,170.96,Success
TXN000572,2026-05-05,20260505,M071,CUST0008,P046,C021,PAY001,UPI,P2M,2,972.9,48.65,924.26,580,344.26,Success
TXN000573,2026-07-09,20260709,M044,CUST0264,P012,C019,PAY001,UPI,P2M,2,4026.21,0.0,4026.21,3200,826.21,Success
TXN000574,2026-05-14,20260514,M072,CUST0018,P001,C022,PAY003,Credit Card,,2,33858.37,677.17,33181.2,27480,5701.2,Success
TXN000575,2026-05-12,20260512,M063,CUST0210,P005,C013,PAY004,Debit Card,,4,181376.97,3627.54,177749.43,134400,43349.43,Success
TXN000576,2026-07-26,20260726,M076,CUST0150,P048,C001,PAY001,UPI,P2M,1,890.88,17.82,873.06,790,83.06,Success
TXN000577,2026-09-23,20260923,M085,CUST0015,P022,C010,PAY004,Debit Card,,1,945.68,0.0,945.68,740,205.68,Success
TXN000578,2026-05-21,20260521,M006,CUST0487,P015,C006,PAY001,UPI,P2M,1,5361.88,0.0,5361.88,4420,941.88,Success
TXN000579,2026-04-29,20260429,M086,CUST0226,P034,C011,PAY004,Debit Card,,2,919.35,0.0,919.35,740,179.35,Success
TXN000580,2026-07-18,20260718,M053,CUST0368,P022,C003,PAY003,Credit Card,,2,1842.39,0.0,1842.39,1480,362.39,Success
TXN000581,2026-06-04,20260604,M011,CUST0205,P004,C011,PAY004,Debit Card,,3,107689.16,2153.78,105535.38,90000,15535.38,Success
TXN000582,2026-05-07,20260507,M070,CUST0187,P010,C020,PAY001,UPI,P2M,1,4643.01,232.15,4410.86,3270,1140.86,Success
TXN000583,2026-06-02,20260602,M041,CUST0167,P026,C016,PAY001,UPI,P2M,1,1739.62,139.17,1600.45,1420,180.45,Success
TXN000584,2026-05-08,20260508,M085,CUST0313,P042,C010,PAY004,Debit Card,,1,627.68,50.21,577.47,510,67.47,Success
TXN000585,2026-06-02,20260602,M035,CUST0280,P016,C010,PAY004,Debit Card,,2,66179.11,3308.96,62870.16,53940,8930.16,Success
TXN000586,2026-05-15,20260515,M095,CUST0206,P041,C020,PAY004,Debit Card,,3,6524.93,0.0,6524.93,3780,2744.93,Success
TXN000587,2026-08-11,20260811,M022,CUST0412,P028,C022,PAY001,UPI,P2P,1,793.42,63.47,729.95,540,189.95,Success
TXN000588,2026-05-18,20260518,M068,CUST0405,P004,C018,PAY001,UPI,P2M,1,34608.15,0.0,34608.15,30000,4608.15,Success
TXN000589,2026-07-26,20260726,M006,CUST0417,P040,C006,PAY003,Credit Card,,1,1421.45,28.43,1393.02,960,433.02,Success
TXN000590,2026-04-02,20260402,M041,CUST0287,P023,C016,PAY001,UPI,P2M,1,3809.57,76.19,3733.38,2660,1073.38,Success
TXN000591,2026-06-07,20260607,M086,CUST0228,P020,C011,PAY005,Cash,,3,62459.03,0.0,62459.03,45720,16739.03,Success
TXN000592,2026-08-12,20260812,M025,CUST0329,P031,C025,PAY004,Debit Card,,1,525.02,0.0,525.02,410,115.02,Success
TXN000593,2026-05-25,20260525,M072,CUST0030,P038,C022,PAY001,UPI,P2M,1,1223.91,146.87,1077.04,810,267.04,Failed
TXN000594,2026-06-14,20260614,M081,CUST0482,P046,C006,PAY001,UPI,P2M,1,495.56,0.0,495.56,290,205.56,Success
TXN000595,2026-05-18,20260518,M036,CUST0400,P029,C011,PAY001,UPI,P2M,2,4479.42,223.97,4255.45,3520,735.45,Success
TXN000596,2026-05-21,20260521,M085,CUST0367,P007,C010,PAY004,Debit Card,,3,101180.24,5059.01,96121.23,88440,7681.23,Success
TXN000597,2026-07-03,20260703,M088,CUST0066,P007,C013,PAY001,UPI,P2M,1,37197.47,1859.87,35337.6,29480,5857.6,Success
TXN000598,2026-05-27,20260527,M075,CUST0447,P010,C025,PAY001,UPI,P2M,1,4818.66,385.49,4433.17,3270,1163.17,Success
TXN000599,2026-09-20,20260920,M030,CUST0408,P022,C005,PAY003,Credit Card,,1,934.77,18.7,916.07,740,176.07,Success
TXN000600,2026-08-22,20260822,M097,CUST0130,P049,C022,PAY001,UPI,P2M,2,33663.94,1683.2,31980.74,26360,5620.74,Success
TXN000601,2026-05-24,20260524,M085,CUST0384,P011,C010,PAY004,Debit Card,,1,3639.68,181.98,3457.69,2510,947.69,Success
TXN000602,2026-07-02,20260702,M061,CUST0107,P022,C011,PAY001,UPI,P2M,1,984.6,78.77,905.84,740,165.84,Success
TXN000603,2026-04-22,20260422,M020,CUST0037,P028,C020,PAY004,Debit Card,,1,834.81,41.74,793.07,540,253.07,Success
TXN000604,2026-09-21,20260921,M028,CUST0457,P016,C003,PAY001,UPI,P2M,1,32678.49,0.0,32678.49,26970,5708.49,Success
TXN000605,2026-09-05,20260905,M025,CUST0316,P038,C025,PAY004,Debit Card,,2,2271.61,181.73,2089.88,1620,469.88,Success
TXN000606,2026-08-25,20260825,M012,CUST0460,P023,C012,PAY001,UPI,P2M,1,3950.82,79.02,3871.8,2660,1211.8,Failed
TXN000607,2026-09-21,20260921,M051,CUST0148,P017,C001,PAY003,Credit Card,,1,22599.38,0.0,22599.38,18170,4429.38,Success
TXN000608,2026-04-22,20260422,M015,CUST0137,P024,C015,PAY001,UPI,P2M,1,3565.35,0.0,3565.35,2390,1175.35,Success
TXN000609,2026-07-06,20260706,M014,CUST0058,P045,C014,PAY004,Debit Card,,1,637.82,31.89,605.93,460,145.93,Success
TXN000610,2026-05-08,20260508,M065,CUST0255,P017,C015,PAY001,UPI,P2M,1,25378.08,0.0,25378.08,18170,7208.08,Success
TXN000611,2026-07-10,20260710,M051,CUST0474,P011,C001,PAY001,UPI,P2M,2,7889.54,157.79,7731.75,5020,2711.75,Success
TXN000612,2026-04-03,20260403,M031,CUST0234,P019,C006,PAY001,UPI,P2M,1,15882.68,0.0,15882.68,12020,3862.68,Success
TXN000613,2026-07-14,20260714,M021,CUST0475,P020,C021,PAY001,UPI,P2M,1,21220.77,1061.04,20159.73,15240,4919.73,Success
TXN000614,2026-09-13,20260913,M044,CUST0321,P036,C019,PAY001,UPI,P2M,1,353.9,7.08,346.82,290,56.82,Success
TXN000615,2026-08-09,20260809,M070,CUST0026,P028,C020,PAY004,Debit Card,,1,792.99,63.44,729.55,540,189.55,Success
TXN000616,2026-07-17,20260717,M020,CUST0365,P044,C020,PAY003,Credit Card,,1,1592.93,31.86,1561.07,1120,441.07,Success
TXN000617,2026-06-18,20260618,M083,CUST0468,P047,C008,PAY005,Cash,,1,883.28,70.66,812.62,750,62.62,Success
TXN000618,2026-09-05,20260905,M054,CUST0249,P050,C004,PAY005,Cash,,1,67742.04,0.0,67742.04,57670,10072.04,Success
TXN000619,2026-05-29,20260529,M096,CUST0022,P045,C021,PAY001,UPI,P2M,1,618.69,30.93,587.75,460,127.75,Success
TXN000620,2026-04-29,20260429,M045,CUST0026,P023,C020,PAY005,Cash,,2,7382.42,0.0,7382.42,5320,2062.42,Success
TXN000621,2026-08-27,20260827,M034,CUST0391,P029,C009,PAY001,UPI,P2M,1,2170.49,108.52,2061.97,1760,301.97,Success
TXN000622,2026-06-05,20260605,M012,CUST0425,P037,C012,PAY004,Debit Card,,1,1279.61,0.0,1279.61,760,519.61,Success
TXN000623,2026-05-05,20260505,M005,CUST0056,P050,C005,PAY001,UPI,P2P,2,138817.23,0.0,138817.23,115340,23477.23,Success
TXN000624,2026-07-06,20260706,M098,CUST0069,P041,C023,PAY003,Credit Card,,2,3934.56,0.0,3934.56,2520,1414.56,Success
TXN000625,2026-05-08,20260508,M016,CUST0151,P030,C016,PAY001,UPI,P2M,1,3745.66,299.65,3446.01,3270,176.01,Success
TXN000626,2026-04-02,20260402,M018,CUST0128,P047,C018,PAY001,UPI,P2M,2,1715.72,0.0,1715.72,1500,215.72,Success
TXN000627,2026-09-21,20260921,M091,CUST0151,P020,C016,PAY003,Credit Card,,1,19223.84,961.19,18262.65,15240,3022.65,Success
TXN000628,2026-06-24,20260624,M075,CUST0432,P005,C025,PAY004,Debit Card,,1,46048.1,0.0,46048.1,33600,12448.1,Success
TXN000629,2026-07-29,20260729,M069,CUST0394,P008,C019,PAY005,Cash,,1,18221.95,0.0,18221.95,13520,4701.95,Success
TXN000630,2026-05-22,20260522,M058,CUST0109,P009,C008,PAY001,UPI,P2M,1,44286.05,0.0,44286.05,33370,10916.05,Success
TXN000631,2026-07-28,20260728,M010,CUST0456,P022,C010,PAY003,Credit Card,,1,919.64,0.0,919.64,740,179.64,Success
TXN000632,2026-07-04,20260704,M100,CUST0114,P030,C025,PAY001,UPI,P2M,2,7774.96,155.5,7619.46,6540,1079.46,Success
TXN000633,2026-07-22,20260722,M005,CUST0052,P035,C005,PAY001,UPI,P2M,1,395.01,0.0,395.01,250,145.01,Success
TXN000634,2026-05-08,20260508,M010,CUST0251,P036,C010,PAY004,Debit Card,,4,1562.97,78.15,1484.82,1160,324.82,Success
TXN000635,2026-09-25,20260925,M038,CUST0144,P040,C013,PAY001,UPI,P2M,1,1458.05,0.0,1458.05,960,498.05,Success
TXN000636,2026-08-01,20260801,M094,CUST0269,P049,C019,PAY005,Cash,,1,16995.86,849.79,16146.07,13180,2966.07,Success
TXN000637,2026-04-18,20260418,M053,CUST0341,P028,C003,PAY001,UPI,P2M,1,769.99,0.0,769.99,540,229.99,Success
TXN000638,2026-06-25,20260625,M096,CUST0150,P035,C021,PAY001,UPI,P2M,2,777.98,62.24,715.74,500,215.74,Success
TXN000639,2026-06-27,20260627,M035,CUST0144,P013,C010,PAY001,UPI,P2M,1,2785.82,0.0,2785.82,1770,1015.82,Success
TXN000640,2026-05-03,20260503,M032,CUST0206,P026,C007,PAY004,Debit Card,,1,1649.78,131.98,1517.8,1420,97.8,Success
TXN000641,2026-09-23,20260923,M044,CUST0097,P019,C019,PAY003,Credit Card,,1,14443.11,0.0,14443.11,12020,2423.11,Success
TXN000642,2026-07-12,20260712,M022,CUST0450,P030,C022,PAY003,Credit Card,,1,3835.35,76.71,3758.64,3270,488.64,Success
TXN000643,2026-07-10,20260710,M066,CUST0213,P036,C016,PAY003,Credit Card,,1,355.45,0.0,355.45,290,65.45,Success
TXN000644,2026-04-07,20260407,M069,CUST0407,P031,C019,PAY001,UPI,P2M,2,1025.72,51.29,974.43,820,154.43,Success
TXN000645,2026-06-04,20260604,M008,CUST0450,P035,C008,PAY004,Debit Card,,1,399.92,20.0,379.92,250,129.92,Success
TXN000646,2026-04-29,20260429,M015,CUST0190,P010,C015,PAY001,UPI,P2M,1,4400.17,220.01,4180.16,3270,910.16,Success
TXN000647,2026-09-16,20260916,M042,CUST0071,P049,C017,PAY003,Credit Card,,1,17187.9,2062.55,15125.35,13180,1945.35,Success
TXN000648,2026-06-29,20260629,M074,CUST0152,P002,C024,PAY004,Debit Card,,1,22480.22,449.6,22030.61,17660,4370.61,Success
TXN000649,2026-09-02,20260902,M099,CUST0033,P050,C024,PAY004,Debit Card,,1,71195.8,3559.79,67636.01,57670,9966.01,Success
TXN000650,2026-09-25,20260925,M078,CUST0360,P010,C003,PAY001,UPI,P2M,1,4729.48,236.47,4493.0,3270,1223.0,Success
TXN000651,2026-08-17,20260817,M068,CUST0475,P049,C018,PAY003,Credit Card,,1,17119.24,2054.31,15064.93,13180,1884.93,Success
TXN000652,2026-06-06,20260606,M015,CUST0263,P031,C015,PAY001,UPI,P2P,2,1056.56,0.0,1056.56,820,236.56,Success
TXN000653,2026-05-19,20260519,M085,CUST0373,P041,C010,PAY001,UPI,P2M,1,2029.92,0.0,2029.92,1260,769.92,Success
TXN000654,2026-05-19,20260519,M031,CUST0015,P003,C006,PAY005,Cash,,2,46312.84,2315.64,43997.2,36300,7697.2,Success
TXN000655,2026-09-06,20260906,M061,CUST0141,P001,C011,PAY001,UPI,P2M,1,16753.55,335.07,16418.48,13740,2678.48,Success
TXN000656,2026-09-23,20260923,M052,CUST0263,P032,C002,PAY002,UPI,P2P,2,1332.33,106.59,1225.75,940,285.75,Success
TXN000657,2026-06-22,20260622,M021,CUST0454,P015,C021,PAY001,UPI,P2M,1,5795.89,0.0,5795.89,4420,1375.89,Failed
TXN000658,2026-06-05,20260605,M066,CUST0408,P023,C016,PAY001,UPI,P2M,1,3673.48,183.67,3489.8,2660,829.8,Success
TXN000659,2026-09-04,20260904,M061,CUST0469,P028,C011,PAY004,Debit Card,,1,785.19,62.81,722.37,540,182.37,Success
TXN000660,2026-07-01,20260701,M090,CUST0182,P003,C015,PAY001,UPI,P2M,1,23800.61,1190.03,22610.58,18150,4460.58,Success
TXN000661,2026-09-27,20260927,M024,CUST0338,P013,C024,PAY001,UPI,P2M,2,5771.78,115.44,5656.34,3540,2116.34,Success
TXN000662,2026-09-26,20260926,M022,CUST0187,P018,C022,PAY001,UPI,P2M,3,32590.16,0.0,32590.16,22980,9610.16,Success
TXN000663,2026-08-28,20260828,M037,CUST0283,P028,C012,PAY004,Debit Card,,2,1602.58,0.0,1602.58,1080,522.58,Success
TXN000664,2026-05-16,20260516,M025,CUST0190,P037,C025,PAY004,Debit Card,,2,2493.48,124.67,2368.81,1520,848.81,Success
TXN000665,2026-07-27,20260727,M034,CUST0142,P029,C009,PAY004,Debit Card,,1,2270.51,0.0,2270.51,1760,510.51,Success
TXN000666,2026-04-05,20260405,M082,CUST0296,P023,C007,PAY001,UPI,P2M,2,7538.51,150.77,7387.74,5320,2067.74,Success
TXN000667,2026-06-07,20260607,M018,CUST0446,P044,C018,PAY001,UPI,P2M,1,1683.13,33.66,1649.46,1120,529.46,Success
TXN000668,2026-05-19,20260519,M060,CUST0405,P033,C010,PAY005,Cash,,4,747.56,37.38,710.18,600,110.18,Success
TXN000669,2026-06-02,20260602,M079,CUST0494,P021,C004,PAY003,Credit Card,,1,11442.15,572.11,10870.04,9100,1770.04,Success
TXN000670,2026-09-30,20260930,M034,CUST0249,P033,C009,PAY003,Credit Card,,2,335.0,6.7,328.3,300,28.3,Success
TXN000671,2026-07-27,20260727,M052,CUST0432,P009,C002,PAY004,Debit Card,,1,45293.15,0.0,45293.15,33370,11923.15,Success
TXN000672,2026-08-10,20260810,M018,CUST0150,P042,C018,PAY004,Debit Card,,1,581.92,29.1,552.82,510,42.82,Success
TXN000673,2026-05-12,20260512,M080,CUST0462,P036,C005,PAY002,UPI,P2P,4,1579.47,78.97,1500.5,1160,340.5,Success
TXN000674,2026-04-29,20260429,M023,CUST0296,P040,C023,PAY004,Debit Card,,1,1407.28,0.0,1407.28,960,447.28,Success
TXN000675,2026-06-06,20260606,M041,CUST0353,P018,C016,PAY001,UPI,P2M,3,32405.58,0.0,32405.58,22980,9425.58,Success
TXN000676,2026-08-26,20260826,M054,CUST0286,P049,C004,PAY005,Cash,,1,16931.22,0.0,16931.22,13180,3751.22,Success
TXN000677,2026-07-18,20260718,M017,CUST0436,P042,C017,PAY001,UPI,P2M,1,579.18,28.96,550.22,510,40.22,Success
TXN000678,2026-07-21,20260721,M083,CUST0110,P034,C008,PAY001,UPI,P2M,1,437.53,21.88,415.65,370,45.65,Success
TXN000679,2026-05-24,20260524,M082,CUST0239,P001,C007,PAY003,Credit Card,,1,17368.01,868.4,16499.61,13740,2759.61,Success
TXN000680,2026-09-05,20260905,M062,CUST0252,P035,C012,PAY001,UPI,P2M,1,364.52,29.16,335.36,250,85.36,Success
TXN000681,2026-09-10,20260910,M001,CUST0019,P043,C001,PAY001,UPI,P2M,1,923.35,0.0,923.35,560,363.35,Success
TXN000682,2026-05-25,20260525,M043,CUST0081,P009,C018,PAY001,UPI,P2M,1,43054.5,2152.72,40901.77,33370,7531.77,Success
TXN000683,2026-07-13,20260713,M026,CUST0314,P036,C001,PAY001,UPI,P2M,4,1481.19,0.0,1481.19,1160,321.19,Success
TXN000684,2026-04-22,20260422,M091,CUST0359,P022,C016,PAY001,UPI,P2M,1,980.53,49.03,931.5,740,191.5,Success
TXN000685,2026-05-04,20260504,M082,CUST0483,P019,C007,PAY002,UPI,P2P,1,15007.51,750.38,14257.13,12020,2237.13,Success
TXN000686,2026-05-10,20260510,M023,CUST0461,P031,C023,PAY003,Credit Card,,1,503.26,25.16,478.1,410,68.1,Success
TXN000687,2026-09-21,20260921,M080,CUST0125,P032,C005,PAY001,UPI,P2M,1,608.78,73.05,535.72,470,65.72,Success
TXN000688,2026-08-09,20260809,M052,CUST0029,P044,C002,PAY005, Cash ,,1,1667.09,0.0,1667.09,1120,547.09,Success
TXN000689,2026-08-27,20260827,M020,CUST0413,P042,C020,PAY002,UPI,P2P,1,616.67,30.83,585.84,510,75.84,Success
TXN000690,2026-06-12,20260612,M035,CUST0460,P043,C010,PAY001,UPI,P2M,1,866.24,0.0,866.24,560,306.24,Success
TXN000691,2026-05-27,20260527,M082,CUST0369,P024,C007,PAY001,UPI,P2M,1,3753.98,187.7,3566.28,2390,1176.28,Success
TXN000692,2026-04-19,20260419,M098,CUST0150,P039,C023,PAY004,Debit Card,,1,641.41,12.83,628.59,460,168.59,Success
TXN000693,2026-04-11,20260411,M057,CUST0079,P012,C007,PAY001,UPI,P2M,1,1996.88,0.0,1996.88,1600,396.88,Success
TXN000694,2026-04-12,20260412,M013,CUST0148,P039,C013,PAY004,Debit Card,,1,581.4,29.07,552.33,460,92.33,Success
TXN000695,2026-06-30,20260630,M099,CUST0353,P005,C024,PAY001,UPI,P2M,2,94081.08,0.0,94081.08,67200,26881.08,Success
TXN000696,2026-07-24,20260724,M076,CUST0072,P046,C001,PAY001,UPI,P2M,1,451.1,0.0,451.1,290,161.1,Success
TXN000697,2026-06-14,20260614,M054,CUST0076,P003,C004,PAY004,Debit Card,,1,23789.09,0.0,23789.09,18150,5639.09,Success
TXN000698,2026-04-01,20260401,M083,CUST0264,P011,C008,PAY001,UPI,P2M,1,4021.76,201.09,3820.68,2510,1310.68,Success
TXN000699,2026-04-19,20260419,M040,CUST0129,P014,C015,PAY001,UPI,P2M,3,13495.35,269.91,13225.44,10500,2725.44,Success
TXN000700,2026-08-23,20260823,M014,CUST0013,P005,C014,PAY001,UPI,P2M,1,46474.8,2323.74,44151.06,33600,10551.06,Success
TXN000701,2026-05-09,20260509,M002,CUST0378,P043,C002,PAY005,Cash,,1,854.02,42.7,811.32,560,251.32,Success
TXN000702,2026-05-27,20260527,M010,CUST0063,P027,C010,PAY005,Cash,,1,3752.25,75.05,3677.21,3040,637.21,Success
TXN000703,2026-05-10,20260510,M088,CUST0202,P033,C013,PAY003,Credit Card,,3,509.48,0.0,509.48,450,59.48,Success
TXN000704,2026-08-07,20260807,M088,CUST0238,P015,C013,PAY004,Debit Card,,1,5866.03,117.32,5748.71,4420,1328.71,Success
TXN000705,2026-08-12,20260812,M044,CUST0373,P036,C019,PAY001,UPI,P2M,1,375.77,7.52,368.26,290,78.26,Success
TXN000706,2026-04-12,20260412,M076,CUST0275,P040,C001,PAY001,UPI,P2P,1,1444.65,0.0,1444.65,960,484.65,Success
TXN000707,2026-07-15,20260715,M043,CUST0481,P027,C018,PAY004,Debit Card,,1,3906.39,0.0,3906.39,3040,866.39,Success
TXN000708,2026-06-06,20260606,M093,CUST0104,P001,C018,PAY005,Cash,,1,16969.05,0.0,16969.05,13740,3229.05,Success
TXN000709,2026-04-19,20260419,M082,CUST0016,P036,C007,PAY001,UPI,P2P,1,394.7,0.0,394.7,290,104.7,Success
TXN000710,2026-05-20,20260520,M045,CUST0496,P009,C020,PAY003,Credit Card,,1,44647.58,2232.38,42415.2,33370,9045.2,Success
TXN000711,2026-08-06,20260806,M091,CUST0337,P014,C016,PAY005,Cash,,1,4094.43,204.72,3889.71,3500,389.71,Success
TXN000712,2026-06-29,20260629,M092,CUST0304,P036,C017,PAY004,Debit Card,,4,1481.23,29.62,1451.61,1160,291.61,Success
TXN000713,2026-09-04,20260904,M026,CUST0119,P032,C001,PAY001,UPI,P2M,1,637.84,31.89,605.95,470,135.95,Success
TXN000714,2026-05-02,20260502,M035,CUST0057,P010,C010,PAY001,UPI,P2M,1,4308.16,86.16,4222.0,3270,952.0,Success
TXN000715,2026-08-20,20260820,M084,CUST0113,P038,C009,PAY003,Credit Card,,3,3717.73,0.0,3717.73,2430,1287.73,Success
TXN000716,2026-06-17,20260617,M015,CUST0200,P024,C015,PAY001,UPI,P2M,1,3414.25,273.14,3141.11,2390,751.11,Success
TXN000717,2026-08-25,20260825,M029,CUST0079,P045,C004,PAY001,UPI,P2M,4,2535.92,0.0,2535.92,1840,695.92,Success
TXN000718,2026-09-16,20260916,M053,CUST0053,P027,C003,PAY004,Debit Card,,1,3700.88,74.02,3626.87,3040,586.87,Failed
TXN000719,2026-08-26,20260826,M098,CUST0317,P037,C023,PAY004,Debit Card,,1,1222.7,61.14,1161.57,760,401.57,Success
TXN000720,2026-07-25,20260725,M041,CUST0102,P020,C016,PAY002,UPI,P2P,1,19214.11,384.28,18829.83,15240,3589.83,Success
TXN000721,2026-04-11,20260411,M042,CUST0129,P007,C017,PAY001,UPI,P2M,2,74326.01,0.0,74326.01,58960,15366.01,Success
TXN000722,2026-09-26,20260926,M059,CUST0263,P007,C009,PAY005,Cash,,1,35763.82,0.0,35763.82,29480,6283.82,Success
TXN000723,2026-07-12,20260712,M018,CUST0399,P012,C018,PAY001,UPI,P2M,2,3683.78,0.0,3683.78,3200,483.78,Success
TXN000724,2026-08-01,20260801,M043,CUST0186,P016,C018,PAY001,UPI,P2M,3,97366.93,1947.34,95419.59,80910,14509.59,Success
TXN000725,2026-05-09,20260509,M020,CUST0207,P026,C020,PAY004,Debit Card,,1,1605.1,0.0,1605.1,1420,185.1,Success
TXN000726,2026-05-24,20260524,M021,CUST0472,P037,C021,PAY001,UPI,P2M,1,1339.67,107.17,1232.5,760,472.5,Success
TXN000727,2026-04-14,20260414,M095,CUST0440,P011,C020,PAY005,Cash,,1,3788.89,75.78,3713.11,2510,1203.11,Success
TXN000728,2026-09-08,20260908,M084,CUST0236,P049,C009,PAY001,UPI,P2M,1,15439.58,0.0,15439.58,13180,2259.58,Success
TXN000729,2026-07-27,20260727,M023,CUST0427,P026,C023,PAY004,Debit Card,,1,1706.11,34.12,1671.98,1420,251.98,Success
TXN000730,2026-06-12,20260612,M063,CUST0203,P012,C013,PAY003,Credit Card,,2,3732.7,186.63,3546.06,3200,346.06,Success
TXN000731,2026-05-14,20260514,M038,CUST0415,P022,C013,PAY004,Debit Card,,3,2729.78,218.38,2511.4,2220,291.4,Success
TXN000732,2026-07-09,20260709,M043,CUST0375,P001,C018,PAY003,Credit Card,,2,34886.63,1744.33,33142.29,27480,5662.29,Success
TXN000733,2026-09-14,20260914,M089,CUST0444,P036,C014,PAY005,Cash,,2,785.15,39.26,745.89,580,165.89,Success
TXN000734,2026-09-07,20260907,M077,CUST0309,P035,C002,PAY001,UPI,P2M,2,735.81,0.0,735.81,500,235.81,Success
TXN000735,2026-07-08,20260708,M004,CUST0009,P034,C004,PAY001,UPI,P2M,1,482.34,0.0,482.34,370,112.34,Success
TXN000736,2026-07-03,20260703,M071,CUST0181,P027,C021,PAY001,UPI,P2M,1,3628.3,0.0,3628.3,3040,588.3,Success
TXN000737,2026-08-16,20260816,M079,CUST0136,P037,C004,PAY005,Cash,,1,1239.3,0.0,1239.3,760,479.3,Success
TXN000738,2026-05-18,20260518,M014,CUST0458,P023,C014,PAY005,Cash,,1,3965.51,198.28,3767.23,2660,1107.23,Success
TXN000739,2026-08-08,20260808,M053,CUST0335,P031,C003,PAY001,UPI,P2M,3,1559.01,31.18,1527.83,1230,297.83,Success
TXN000740,2026-04-11,20260411,M046,CUST0453,P011,C021,PAY001,UPI,P2P,1,3793.53,0.0,3793.53,2510,1283.53,Success
TXN000741,2026-05-01,20260501,M014,CUST0336,P013,C014,PAY001,UPI,P2M,1,2910.32,0.0,2910.32,1770,1140.32,Success
TXN000742,2026-09-05,20260905,M085,CUST0252,P032,C010,PAY001,UPI,P2M,1,604.85,0.0,604.85,470,134.85,Success
TXN000743,2026-04-22,20260422,M080,CUST0411,P001,C005,PAY005,Cash,,2,33702.3,0.0,33702.3,27480,6222.3,Success
TXN000744,2026-05-26,20260526,M002,CUST0416,P050,C002,PAY001,UPI,P2M,1,65992.3,3299.61,62692.68,57670,5022.68,Success
TXN000745,2026-07-20,20260720,M010,CUST0495,P042,C010,PAY003,Credit Card,,1,583.85,0.0,583.85,510,73.85,Success
TXN000746,2026-06-07,20260607,M078,CUST0333,P036,C003,PAY004,Debit Card,,1,365.91,7.32,358.59,290,68.59,Success
TXN000747,2026-09-21,20260921,M035,CUST0435,P019,C010,PAY003,Credit Card,,1,16014.65,320.29,15694.36,12020,3674.36,Success
TXN000748,2026-04-12,20260412,M040,CUST0438,P041,C015,PAY001,UPI,P2M,1,2172.03,108.6,2063.43,1260,803.43,Success
TXN000749,2026-06-12,20260612,M061,CUST0322,P023,C011,PAY001,UPI,P2M,2,8163.54,0.0,8163.54,5320,2843.54,Success
TXN000750,2026-04-21,20260421,M084,CUST0387,P044,C009,PAY004,Debit Card,,1,1747.75,34.96,1712.8,1120,592.8,Success
TXN000751,2026-06-12,20260612,M038,CUST0002,P039,C013,PAY001,UPI,P2M,2,1287.34,0.0,1287.34,920,367.34,Success
TXN000752,2026-08-08,20260808,M024,CUST0299,P011,C024,PAY001,UPI,P2M,1,3908.77,0.0,3908.77,2510,1398.77,Failed
TXN000753,2026-04-24,20260424,M020,CUST0487,P047,C020,PAY001,UPI,P2M,1,897.96,0.0,897.96,750,147.96,Success
TXN000754,2026-08-13,20260813,M032,CUST0095,P023,C007,PAY001,UPI,P2M,2,7614.24,0.0,7614.24,5320,2294.24,Success
TXN000755,2026-09-13,20260913,M078,CUST0078,P003,C003,PAY001,UPI,P2M,1,25068.58,0.0,25068.58,18150,6918.58,Success
TXN000756,2026-09-19,20260919,M060,CUST0368,P010,C010,PAY004,Debit Card,,1,4536.92,226.85,4310.08,3270,1040.08,Success
TXN000757,2026-07-20,20260720,M028,CUST0260,P020,C003,PAY001,UPI,P2M,4,78573.09,9428.77,69144.32,60960,8184.32,Success
TXN000758,2026-08-18,20260818,M051,CUST0260,P032,C001,PAY005,Cash,,3,1795.05,35.9,1759.15,1410,349.15,Success
TXN000759,2026-04-25,20260425,M094,CUST0038,P040,C019,PAY003,Credit Card,,1,1403.89,0.0,1403.89,960,443.89,Success
TXN000760,2026-08-09,20260809,M049,CUST0432,P035,C024,PAY005,Cash,,1,403.21,0.0,403.21,250,153.21,Success
TXN000761,2026-08-30,20260830,M097,CUST0044,P015,C022,PAY001,UPI,P2M,1,5794.39,0.0,5794.39,4420,1374.39,Success
TXN000762,2026-04-02,20260402,M016,CUST0022,P004,C016,PAY003,Credit Card,,4,148612.7,0.0,148612.7,120000,28612.7,Success
TXN000763,2026-07-25,20260725,M030,CUST0429,P041,C005,PAY004,Debit Card,,1,2104.11,0.0,2104.11,1260,844.11,Success
TXN000764,2026-08-06,20260806,M044,CUST0409,P033,C019,PAY001,UPI,P2M,1,179.65,3.59,176.05,150,26.05,Success
TXN000765,2026-07-01,20260701,M044,CUST0080,P021,C019,PAY001,UPI,P2M,1,10839.17,867.13,9972.04,9100,872.04,Success
TXN000766,2026-05-30,20260530,M021,CUST0047,P042,C021,PAY001,UPI,P2M,1,621.65,31.08,590.57,510,80.57,Success
TXN000767,2026-06-25,20260625,M008,CUST0499,P033,C008,PAY003,Credit Card,,1,166.58,3.33,163.25,150,13.25,Success
TXN000768,2026-09-30,20260930,M087,CUST0283,P030,C012,PAY001,UPI,P2M,1,3726.02,0.0,3726.02,3270,456.02,Success
TXN000769,2026-07-25,20260725,M094,CUST0009,P033,C019,PAY001,UPI,P2M,3,540.14,0.0,540.14,450,90.14,Success
TXN000770,2026-04-07,20260407,M001,CUST0299,P030,C001,PAY003,Credit Card,,1,3686.69,442.4,3244.29,3270,-25.71,Success
TXN000771,2026-04-12,20260412,M097,CUST0130,P023,C022,PAY005,Cash,,2,7612.66,609.01,7003.64,5320,1683.64,Success
TXN000772,2026-07-19,20260719,M047,CUST0342,P009,C022,PAY003,Credit Card,,1,47433.48,2371.67,45061.81,33370,11691.81,Success
TXN000773,2026-06-29,20260629,M048,CUST0024,P001,C023,PAY003,Credit Card,,1,16765.79,335.32,16430.48,13740,2690.48,Success
TXN000774,2026-05-27,20260527,M070,CUST0240,P012,C020,PAY001,UPI,P2M,1,1908.9,38.18,1870.72,1600,270.72,Success
TXN000775,2026-08-01,20260801,M062,CUST0367,P044,C012,PAY001,UPI,P2M,1,1640.61,82.03,1558.58,1120,438.58,Success
TXN000776,2026-08-04,20260804,M052,CUST0490,P004,C002,PAY001,UPI,P2M,1,37372.22,747.44,36624.78,30000,6624.78,Success
TXN000777,2026-08-25,20260825,M058,CUST0188,P031,C008,PAY001,UPI,P2M,1,481.52,0.0,481.52,410,71.52,Success
TXN000778,2026-04-26,20260426,M040,CUST0321,P027,C015,PAY003,Credit Card,,2,7800.57,936.07,6864.5,6080,784.5,Success
TXN000779,2026-08-14,20260814,M091,CUST0170,P013,C016,PAY003,Credit Card,,1,2853.21,0.0,2853.21,1770,1083.21,Success
TXN000780,2026-04-27,20260427,M038,CUST0022,P045,C013,PAY001,UPI,P2M,1,616.93,12.34,604.59,460,144.59,Failed
TXN000781,2026-09-27,20260927,M039,CUST0093,P014,C014,PAY001,UPI,P2M,1,4006.57,0.0,4006.57,3500,506.57,Success
TXN000782,2026-07-01,20260701,M031,CUST0460,P028,C006,PAY001,UPI,P2M,1,802.79,16.06,786.73,540,246.73,Success
TXN000783,2026-08-30,20260830,M057,CUST0273,P018,C007,PAY001,UPI,P2P,1,10991.11,549.56,10441.56,7660,2781.56,Success
TXN000784,2026-08-24,20260824,M094,CUST0481,P032,C019,PAY004,Debit Card,,1,627.18,31.36,595.82,470,125.82,Success
TXN000785,2026-09-13,20260913,M008,CUST0322,P044,C008,PAY001,UPI,P2M,1,1748.1,34.96,1713.13,1120,593.13,Failed
TXN000786,2026-07-01,20260701,M006,CUST0239,P044,C006,PAY001,UPI,P2M,4,6356.19,0.0,6356.19,4480,1876.19,Success
TXN000787,2026-06-21,20260621,M033,CUST0091,P019,C008,PAY001,UPI,P2M,1,14874.36,297.49,14576.87,12020,2556.87,Success
TXN000788,2026-06-23,20260623,M080,CUST0356,P010,C005,PAY005,Cash,,1,4499.98,0.0,4499.98,3270,1229.98,Success
TXN000789,2026-05-17,20260517,M047,CUST0184,P047,C022,PAY001,UPI,P2M,1,907.67,0.0,907.67,750,157.67,Success
TXN000790,2026-08-24,20260824,M091,CUST0221,P002,C016,PAY005,Cash,,1,21814.17,436.28,21377.89,17660,3717.89,Success
TXN000791,2026-06-25,20260625,M039,CUST0111,P033,C014,PAY004,Debit Card,,4,687.72,34.39,653.34,600,53.34,Success
TXN000792,2026-05-31,20260531,M032,CUST0301,P033,C007,PAY001,UPI,P2M,1,172.83,0.0,172.83,150,22.83,Success
TXN000793,2026-05-11,20260511,M017,CUST0251,P042,C017,PAY004,Debit Card,,1,600.91,30.05,570.87,510,60.87,Success
TXN000794,2026-04-07,20260407,M014,CUST0100,P004,C014,PAY004,Debit Card,,1,36491.55,1824.58,34666.98,30000,4666.98,Success
TXN000795,2026-09-10,20260910,M083,CUST0349,P025,C008,PAY004,Debit Card,,2,9435.35,0.0,9435.35,5560,3875.35,Success
TXN000796,2026-06-19,20260619,M096,CUST0470,P035,C021,PAY005,Cash,,2,742.43,37.12,705.31,500,205.31,Success
TXN000797,2026-05-06,20260506,M015,CUST0006,P042,C015,PAY001,UPI,P2M,2,1181.7,0.0,1181.7,1020,161.7,Success
TXN000798,2026-05-08,20260508,M054,CUST0439,P015,C004,PAY001,UPI,P2P,1,5669.29,0.0,5669.29,4420,1249.29,Success
TXN000799,2026-07-02,20260702,M023,CUST0333,P038,C023,PAY001,UPI,P2M,2,2471.9,0.0,2471.9,1620,851.9,Success
TXN000800,2026-04-14,20260414,M001,CUST0203,P035,C001,PAY005,Cash,,2,741.36,37.07,704.29,500,204.29,Success
TXN000801,2026-06-08,20260608,M013,CUST0229,P035,C013,PAY003,Credit Card,,2,793.66,63.49,730.17,500,230.17,Success
TXN000802,2026-07-07,20260707,M075,CUST0275,P033,C025,PAY001,UPI,P2M,1,182.4,3.65,178.75,150,28.75,Success
TXN000803,2026-06-30,20260630,M086,CUST0382,P016,C011,PAY001,UPI,P2M,1,33509.26,0.0,33509.26,26970,6539.26,Success
TXN000804,2026-09-10,20260910,M064,CUST0491,P024,C014,PAY004,Debit Card,,1,3433.67,0.0,3433.67,2390,1043.67,Success
TXN000805,2026-08-16,20260816,M025,CUST0150,P035,C025,PAY002,UPI,P2P,3,1084.27,54.21,1030.05,750,280.05,Success
TXN000806,2026-09-11,20260911,M079,CUST0401,P021,C004,PAY001,UPI,P2M,1,11034.9,551.75,10483.16,9100,1383.16,Success
TXN000807,2026-04-25,20260425,M029,CUST0272,P012,C004,PAY004,Debit Card,,1,1903.76,0.0,1903.76,1600,303.76,Success
TXN000808,2026-06-07,20260607,M051,CUST0103,P029,C001,PAY001,UPI,P2M,1,2353.37,0.0,2353.37,1760,593.37,Success
TXN000809,2026-07-10,20260710,M080,CUST0414,P033,C005,PAY001,UPI,P2M,1,176.6,0.0,176.6,150,26.6,Success
TXN000810,2026-04-29,20260429,M022,CUST0303,P022,C022,PAY001,UPI,P2M,1,895.92,0.0,895.92,740,155.92,Success
TXN000811,2026-06-13,20260613,M079,CUST0274,P021,C004,PAY005,Cash,,2,22164.76,0.0,22164.76,18200,3964.76,Success
TXN000812,2026-07-22,20260722,M049,CUST0455,P046,C024,PAY004,Debit Card,,1,507.19,0.0,507.19,290,217.19,Success
TXN000813,2026-05-24,20260524,M071,CUST0261,P008,C021,PAY001,UPI,P2M,1,18777.6,0.0,18777.6,13520,5257.6,Success
TXN000814,2026-05-19,20260519,M031,CUST0302,P014,C006,PAY001,UPI,P2M,2,8831.83,0.0,8831.83,7000,1831.83,Success
TXN000815,2026-07-21,20260721,M091,CUST0375,P004,C016,PAY004,Debit Card,,1,35139.9,1757.0,33382.91,30000,3382.91,Success
TXN000816,2026-04-16,20260416,M029,CUST0263,P019,C004,PAY004,Debit Card,,1,15733.05,0.0,15733.05,12020,3713.05,Success
TXN000817,2026-05-13,20260513,M072,CUST0222,P036,C022,PAY003,Credit Card,,1,366.63,18.33,348.3,290,58.3,Success
TXN000818,2026-07-05,20260705,M050,CUST0137,P028,C025,PAY003,Credit Card,,1,799.93,16.0,783.94,540,243.94,Success
TXN000819,2026-08-01,20260801,M075,CUST0369,P040,C025,PAY003,Credit Card,,1,1516.12,75.81,1440.31,960,480.31,Failed
TXN000820,2026-04-15,20260415,M088,CUST0142,P031,C013,PAY001,UPI,P2M,1,504.58,40.37,464.22,410,54.22,Success
TXN000821,2026-05-26,20260526,M031,CUST0174,P030,C006,PAY001,UPI,P2M,2,7616.48,152.33,7464.15,6540,924.15,Success
TXN000822,2026-09-06,20260906,M079,CUST0145,P008,C004,PAY001,UPI,P2M,1,17929.37,2151.52,15777.85,13520,2257.85,Success
TXN000823,2026-04-19,20260419,M083,CUST0401,P014,C008,PAY001,UPI,P2M,2,8342.11,166.84,8175.27,7000,1175.27,Success
TXN000824,2026-04-29,20260429,M081,CUST0420,P005,C006,PAY003,Credit Card,,1,45682.91,0.0,45682.91,33600,12082.91,Success
TXN000825,2026-04-26,20260426,M020,CUST0270,P050,C020,PAY001,UPI,P2M,3,212652.28,4253.05,208399.23,173010,35389.23,Success
TXN000826,2026-04-01,20260401,M051,CUST0217,P021,C001,PAY001,UPI,P2M,2,23063.36,461.27,22602.09,18200,4402.09,Success
TXN000827,2026-07-04,20260704,M050,CUST0248,P013,C025,PAY005,Cash,,3,8811.42,440.57,8370.85,5310,3060.85,Success
TXN000828,2026-04-25,20260425,M008,CUST0136,P002,C008,PAY004,Debit Card,,1,22714.36,454.29,22260.07,17660,4600.07,Success
TXN000829,2026-08-24,20260824,M022,CUST0269,P017,C022,PAY001,UPI,P2M,3,70929.1,1418.58,69510.52,54510,15000.52,Success
TXN000830,2026-09-28,20260928,M011,CUST0020,P004,C011,PAY001,UPI,P2M,1,36157.9,0.0,36157.9,30000,6157.9,Success
TXN000831,2026-05-23,20260523,M018,CUST0280,P008,C018,PAY001,UPI,P2M,2,40460.93,3236.87,37224.06,27040,10184.06,Failed
TXN000832,2026-05-11,20260511,M001,CUST0227,P029,C001,PAY005,Cash,,2,4739.9,0.0,4739.9,3520,1219.9,Success
TXN000833,2026-04-19,20260419,M057,CUST0318,P020,C007,PAY002,UPI,P2P,2,38665.05,773.3,37891.75,30480,7411.75,Success
TXN000834,2026-09-27,20260927,M014,CUST0260,P038,C014,PAY001,UPI,P2M,1,1266.15,151.94,1114.21,810,304.21,Success
TXN000835,2026-09-29,20260929,M083,CUST0475,P010,C008,PAY003,Credit Card,,1,4828.59,0.0,4828.59,3270,1558.59,Success
TXN000836,2026-08-16,20260816,M032,CUST0042,P027,C007,PAY001,UPI,P2M,2,7857.47,157.15,7700.32,6080,1620.32,Success
TXN000837,2026-06-22,20260622,M014,CUST0345,P039,C014,PAY003,Credit Card,,2,1148.69,0.0,1148.69,920,228.69,Success
TXN000838,2026-05-16,20260516,M088,CUST0366,P024,C013,PAY001,UPI,P2M,1,3763.29,0.0,3763.29,2390,1373.29,Success
TXN000839,2026-06-06,20260606,M085,CUST0369,P020,C010,PAY003,Credit Card,,3,57348.19,2867.41,54480.78,45720,8760.78,Success
TXN000840,2026-05-22,20260522,M014,CUST0116,P014,C014,PAY005,Cash,,2,8374.64,0.0,8374.64,7000,1374.64,Success
TXN000841,2026-06-05,20260605,M002,CUST0423,P004,C002,PAY001,UPI,P2M,1,37264.96,745.3,36519.67,30000,6519.67,Success
TXN000842,2026-09-23,20260923,M051,CUST0332,P034,C001,PAY004,Debit Card,,3,1366.87,0.0,1366.87,1110,256.87,Success
TXN000843,2026-06-30,20260630,M088,CUST0063,P031,C013,PAY001,UPI,P2M,3,1557.37,31.15,1526.23,1230,296.23,Success
TXN000844,2026-08-03,20260803,M014,CUST0357,P038,C014,PAY005,Cash,,2,2485.98,0.0,2485.98,1620,865.98,Success
TXN000845,2026-06-01,20260601,M018,CUST0413,P039,C018,PAY001,UPI,P2M,1,584.56,11.69,572.87,460,112.87,Success
TXN000846,2026-05-29,20260529,M075,CUST0428,P011,C025,PAY003,Credit Card,,1,3862.74,193.14,3669.6,2510,1159.6,Success
TXN000847,2026-04-26,20260426,M040,CUST0196,P034,C015,PAY001,UPI,P2M,2,908.41,0.0,908.41,740,168.41,Success
TXN000848,2026-05-23,20260523,M006,CUST0165,P006,C006,PAY005,Cash,,1,36582.64,4389.92,32192.73,30690,1502.73,Success
TXN000849,2026-04-19,20260419,M014,CUST0269,P011,C014,PAY001,UPI,P2M,2,7265.54,0.0,7265.54,5020,2245.54,Success
TXN000850,2026-05-21,20260521,M054,CUST0453,P027,C004,PAY001,UPI,P2M,1,3874.43,0.0,3874.43,3040,834.43,Success
TXN000851,2026-08-06,20260806,M100,CUST0249,P008,C025,PAY001,UPI,P2M,1,19543.19,977.16,18566.03,13520,5046.03,Success
TXN000852,2026-09-07,20260907,M062,CUST0162,P020,C012,PAY003,Credit Card,,1,19197.36,1535.79,17661.57,15240,2421.57,Success
TXN000853,2026-09-19,20260919,M029,CUST0024,P021,C004,PAY002,UPI,P2P,1,11285.98,225.72,11060.26,9100,1960.26,Success
TXN000854,2026-06-24,20260624,M067,CUST0315,P037,C017,PAY005,Cash,,1,1213.08,60.65,1152.43,760,392.43,Success
TXN000855,2026-05-08,20260508,M039,CUST0435,P024,C014,PAY001,UPI,P2M,1,3793.53,189.68,3603.85,2390,1213.85,Success
TXN000856,2026-07-31,20260731,M098,CUST0330,P010,C023,PAY001,UPI,P2M,1,4553.57,227.68,4325.89,3270,1055.89,Success
TXN000857,2026-05-10,20260510,M062,CUST0337,P034,C012,PAY001,UPI,P2M,2,874.63,0.0,874.63,740,134.63,Success
TXN000858,2026-09-23,20260923,M049,CUST0183,P021,C024,PAY004,Debit Card,,1,11617.41,0.0,11617.41,9100,2517.41,Success
TXN000859,2026-08-04,20260804,M072,CUST0314,P006,C022,PAY005,Cash,,1,39158.47,1957.92,37200.54,30690,6510.54,Success
TXN000860,2026-05-21,20260521,M013,CUST0028,P041,C013,PAY001,UPI,P2M,2,3913.91,0.0,3913.91,2520,1393.91,Success
TXN000861,2026-05-13,20260513,M046,CUST0088,P040,C021,PAY001,UPI,P2M,1,1492.25,0.0,1492.25,960,532.25,Success
TXN000862,2026-09-01,20260901,M070,CUST0466,P015,C020,PAY001,UPI,P2M,1,5499.68,439.97,5059.7,4420,639.7,Success
TXN000863,2026-08-31,20260831,M077,CUST0285,P025,C002,PAY001,UPI,P2M,2,8663.18,433.16,8230.02,5560,2670.02,Success
TXN000864,2026-09-15,20260915,M080,CUST0243,P047,C005,PAY001,UPI,P2M,1,869.89,0.0,869.89,750,119.89,Success
TXN000865,2026-07-13,20260713,M087,CUST0167,P015,C012,PAY001,UPI,P2M,3,17859.76,0.0,17859.76,13260,4599.76,Success
TXN000866,2026-05-06,20260506,M065,CUST0237,P039,C015,PAY001,UPI,P2M,2,1272.43,25.45,1246.98,920,326.98,Success
TXN000867,2026-06-25,20260625,M020,CUST0290,P028,C020,PAY004,Debit Card,,1,831.02,66.48,764.54,540,224.54,Success
TXN000868,2026-06-05,20260605,M084,CUST0484,P011,C009,PAY004,Debit Card,,1,3930.42,0.0,3930.42,2510,1420.42,Success
TXN000869,2026-05-27,20260527,M001,CUST0231,P048,C001,PAY004,Debit Card,,1,969.26,0.0,969.26,790,179.26,Success
TXN000870,2026-09-29,20260929,M020,CUST0193,P017,C020,PAY003,Credit Card,,2,45330.8,3626.46,41704.33,36340,5364.33,Success
TXN000871,2026-05-08,20260508,M034,CUST0054,P030,C009,PAY001,UPI,P2M,2,7468.99,0.0,7468.99,6540,928.99,Success
TXN000872,2026-09-13,20260913,M029,CUST0017,P010,C004,PAY003,Credit Card,,4,17642.07,882.1,16759.97,13080,3679.97,Success
TXN000873,2026-05-30,20260530,M002,CUST0443,P039,C002,PAY001,UPI,P2M,1,585.67,11.71,573.96,460,113.96,Success
TXN000874,2026-08-11,20260811,M069,CUST0095,P031,C019,PAY001,UPI,P2M,2,963.33,0.0,963.33,820,143.33,Success
TXN000875,2026-05-15,20260515,M027,CUST0076,P045,C002,PAY004,Debit Card,,1,595.59,29.78,565.81,460,105.81,Success
TXN000876,2026-07-10,20260710,M065,CUST0338,P048,C015,PAY004,Debit Card,,1,968.29,48.41,919.88,790,129.88,Success
TXN000877,2026-04-21,20260421,M050,CUST0428,P008,C025,PAY003,Credit Card,,2,37327.32,0.0,37327.32,27040,10287.32,Success
TXN000878,2026-07-26,20260726,M013,CUST0044,P039,C013,PAY001,UPI,P2M,1,577.6,0.0,577.6,460,117.6,Success
TXN000879,2026-09-24,20260924,M063,CUST0445,P014,C013,PAY005,Cash,,1,4342.78,0.0,4342.78,3500,842.78,Success
TXN000880,2026-05-16,20260516,M036,CUST0177,P006,C011,PAY003,Credit Card,,4,153507.28,0.0,153507.28,122760,30747.28,Success
TXN000881,2026-05-03,20260503,M056,CUST0080,P021,C006,PAY001,UPI,P2M,1,11235.23,0.0,11235.23,9100,2135.23,Success
TXN000882,2026-05-12,20260512,M055,CUST0461,P032,C005,PAY001,UPI,P2M,1,616.12,49.29,566.83,470,96.83,Success
TXN000883,2026-07-11,20260711,M054,CUST0420,P028,C004,PAY001,UPI,P2M,1,751.39,37.57,713.82,540,173.82,Success
TXN000884,2026-05-13,20260513,M048,CUST0430,P009,C023,PAY005,Cash,,1,47702.6,5724.31,41978.29,33370,8608.29,Success
TXN000885,2026-08-05,20260805,M023,CUST0454,P011,C023,PAY005,Cash,,1,3891.81,194.59,3697.22,2510,1187.22,Success
TXN000886,2026-06-07,20260607,M009,CUST0158,P036,C009,PAY001,UPI,P2M,1,383.21,0.0,383.21,290,93.21,Success
TXN000887,2026-05-31,20260531,M050,CUST0195,P009,C025,PAY001,UPI,P2P,2,90326.98,0.0,90326.98,66740,23586.98,Success
TXN000888,2026-07-13,20260713,M068,CUST0133,P012,C018,PAY003,Credit Card,,1,1970.97,98.55,1872.42,1600,272.42,Success
TXN000889,2026-07-27,20260727,M036,CUST0098,P016,C011,PAY005,Cash,,3,94610.9,1892.22,92718.68,80910,11808.68,Success
TXN000890,2026-05-12,20260512,M091,CUST0465,P020,C016,PAY001,UPI,P2M,1,20007.68,1000.38,19007.3,15240,3767.3,Success
TXN000891,2026-08-09,20260809,M075,CUST0317,P035,C025,PAY001,UPI,P2M,2,740.12,37.01,703.11,500,203.11,Success
TXN000892,2026-08-14,20260814,M006,CUST0059,P018,C006,PAY005,Cash,,1,10284.83,0.0,10284.83,7660,2624.83,Failed
TXN000893,2026-06-08,20260608,M019,CUST0056,P006,C019,PAY005,Cash,,1,37694.4,3015.55,34678.85,30690,3988.85,Success
TXN000894,2026-07-24,20260724,M002,CUST0491,P011,C002,PAY001,UPI,P2M,1,3837.14,0.0,3837.14,2510,1327.14,Success
TXN000895,2026-09-24,20260924,M030,CUST0480,P022,C005,PAY001,UPI,P2M,1,899.9,71.99,827.9,740,87.9,Success
TXN000896,2026-07-24,20260724,M092,CUST0430,P033,C017,PAY001,UPI,P2M,1,178.68,21.44,157.24,150,7.24,Success
TXN000897,2026-07-11,20260711,M019,CUST0001,P010,C019,PAY001,UPI,P2M,4,18146.05,0.0,18146.05,13080,5066.05,Success
TXN000898,2026-09-28,20260928,M075,CUST0001,P013,C025,PAY001,UPI,P2M,1,2808.98,56.18,2752.8,1770,982.8,Success
TXN000899,2026-05-28,20260528,M043,CUST0102,P049,C018,PAY004,Debit Card,,1,16628.66,831.43,15797.23,13180,2617.23,Success
TXN000900,2026-04-04,20260404,M064,CUST0101,P041,C014,PAY005,Cash,,1,1985.04,99.25,1885.79,1260,625.79,Success
TXN000901,2026-07-07,20260707,M094,CUST0237,P033,C019,PAY001,UPI,P2M,1,174.04,3.48,170.56,150,20.56,Success
TXN000902,2026-07-11,20260711,M027,CUST0491,P039,C002,PAY004,Debit Card,,1,578.25,0.0,578.25,460,118.25,Success
TXN000903,2026-07-09,20260709,M030,CUST0118,P019,C005,PAY001,UPI,P2M,1,16046.28,802.31,15243.97,12020,3223.97,Success
TXN000904,2026-04-17,20260417,M044,CUST0171,P025,C019,PAY005,Cash,,1,4261.37,85.23,4176.15,2780,1396.15,Success
TXN000905,2026-07-02,20260702,M015,CUST0321,P029,C015,PAY001,UPI,P2M,1,2406.36,120.32,2286.04,1760,526.04,Failed
TXN000906,2026-04-02,20260402,M027,CUST0072,P018,C002,PAY001,UPI,P2M,1,10263.96,205.28,10058.68,7660,2398.68,Success
TXN000907,2026-07-19,20260719,M098,CUST0122,P011,C023,PAY001,UPI,P2M,2,7586.78,0.0,7586.78,5020,2566.78,Success
TXN000908,2026-05-25,20260525,M038,CUST0066,P039,C013,PAY001,UPI,P2M,1,617.61,30.88,586.73,460,126.73,Success
TXN000909,2026-06-08,20260608,M051,CUST0079,P003,C001,PAY005,Cash,,1,24063.95,481.28,23582.67,18150,5432.67,Success
TXN000910,2026-08-13,20260813,M034,CUST0225,P001,C009,PAY001,UPI,P2M,3,49430.96,988.62,48442.34,41220,7222.34,Success
TXN000911,2026-08-06,20260806,M066,CUST0085,P011,C016,PAY003,Credit Card,,2,7379.36,0.0,7379.36,5020,2359.36,Failed
TXN000912,2026-07-11,20260711,M092,CUST0340,P002,C017,PAY001,UPI,P2M,2,45591.85,0.0,45591.85,35320,10271.85,Success
TXN000913,2026-04-03,20260403,M005,CUST0372,P004,C005,PAY003,Credit Card,,1,38098.88,1904.94,36193.94,30000,6193.94,Success
TXN000914,2026-04-28,20260428,M083,CUST0449,P016,C008,PAY005,Cash,,1,32678.03,653.56,32024.47,26970,5054.47,Success
TXN000915,2026-08-12,20260812,M040,CUST0241,P050,C015,PAY003,Credit Card,,1,69527.26,1390.55,68136.71,57670,10466.71,Success
TXN000916,2026-06-19,20260619,M022,CUST0172,P001,C022,PAY005,Cash,,1,16170.17,0.0,16170.17,13740,2430.17,Success
TXN000917,2026-09-12,20260912,M090,CUST0457,P017,C015,PAY003,Credit Card,,2,48708.97,0.0,48708.97,36340,12368.97,Success
TXN000918,2026-04-21,20260421,M028,CUST0258,P016,C003,PAY001,UPI,P2M,1,32835.29,0.0,32835.29,26970,5865.29,Success
TXN000919,2026-08-06,20260806,M041,CUST0153,P009,C016,PAY004,Debit Card,,1,47248.31,0.0,47248.31,33370,13878.31,Success
TXN000920,2026-04-03,20260403,M093,CUST0157,P012,C018,PAY001,UPI,P2M,1,1983.74,0.0,1983.74,1600,383.74,Success
TXN000921,2026-04-24,20260424,M041,CUST0171,P014,C016,PAY003,Credit Card,,1,4192.03,209.6,3982.42,3500,482.42,Success
TXN000922,2026-09-24,20260924,M033,CUST0181,P011,C008,PAY001,UPI,P2M,1,3586.0,286.88,3299.12,2510,789.12,Success
TXN000923,2026-09-23,20260923,M085,CUST0307,P028,C010,PAY001,UPI,P2M,3,2250.75,180.06,2070.69,1620,450.69,Success
TXN000924,2026-08-01,20260801,M096,CUST0272,P018,C021,PAY001,UPI,P2M,1,11059.01,552.95,10506.06,7660,2846.06,Success
TXN000925,2026-05-01,20260501,M009,CUST0067,P001,C009,PAY004,Debit Card,,1,16999.99,0.0,16999.99,13740,3259.99,Success
TXN000926,2026-09-17,20260917,M083,CUST0009,P009,C008,PAY001,UPI,P2M,1,46909.07,938.18,45970.89,33370,12600.89,Success
TXN000927,2026-07-31,20260731,M046,CUST0027,P006,C021,PAY001,UPI,P2M,1,37741.11,1887.06,35854.05,30690,5164.05,Success
TXN000928,2026-04-25,20260425,M014,CUST0234,P018,C014,PAY004,Debit Card,,1,10925.2,0.0,10925.2,7660,3265.2,Failed
TXN000929,2026-09-12,20260912,M096,CUST0229,P011,C021,PAY001,UPI,P2M,1,3752.55,0.0,3752.55,2510,1242.55,Success
TXN000930,2026-06-28,20260628,M092,CUST0376,P005,C017,PAY001,UPI,P2M,1,48610.86,0.0,48610.86,33600,15010.86,Success
TXN000931,2026-05-25,20260525,M012,CUST0156,P028,C012,PAY001,UPI,P2M,1,785.19,39.26,745.93,540,205.93,Success
TXN000932,2026-06-21,20260621,M024,CUST0492,P030,C024,PAY003,Credit Card,,2,7841.91,0.0,7841.91,6540,1301.91,Success
TXN000933,2026-09-08,20260908,M033,CUST0060,P005,C008,PAY003,Credit Card,,1,49673.48,0.0,49673.48,33600,16073.48,Success
TXN000934,2026-04-27,20260427,M017,CUST0392,P014,C017,PAY001,UPI,P2M,2,8476.31,169.53,8306.78,7000,1306.78,Success
TXN000935,2026-08-28,20260828,M084,CUST0139,P045,C009,PAY005,Cash,,1,646.51,12.93,633.58,460,173.58,Success
TXN000936,2026-07-22,20260722,M005,CUST0157,P045,C005,PAY003,Credit Card,,1,608.46,0.0,608.46,460,148.46,Success
TXN000937,2026-08-28,20260828,M009,CUST0481,P013,C009,PAY001,UPI,P2M,1,2753.9,55.08,2698.82,1770,928.82,Success
TXN000938,2026-06-19,20260619,M064,CUST0233,P045,C014,PAY001,UPI,P2M,3,1955.67,39.11,1916.55,1380,536.55,Success
TXN000939,2026-08-27,20260827,M096,CUST0171,P019,C021,PAY004,Debit Card,,2,31939.15,2555.13,29384.01,24040,5344.01,Success
TXN000940,2026-07-03,20260703,M017,CUST0090,P006,C017,PAY001,UPI,P2M,1,39147.43,3131.79,36015.63,30690,5325.63,Success
TXN000941,2026-07-06,20260706,M061,CUST0420,P037,C011,PAY005,Cash,,1,1229.99,98.4,1131.6,760,371.6,Success
TXN000942,2026-05-17,20260517,M090,CUST0369,P040,C015,PAY002,UPI,P2P,1,1471.02,29.42,1441.6,960,481.6,Success
TXN000943,2026-08-19,20260819,M043,CUST0244,P013,C018,PAY001,UPI,P2M,1,2881.99,0.0,2881.99,1770,1111.99,Success
TXN000944,2026-04-29,20260429,M012,CUST0035,P004,C012,PAY001,UPI,P2M,3,104085.38,0.0,104085.38,90000,14085.38,Success
TXN000945,2026-08-10,20260810,M046,CUST0406,P030,C021,PAY003,Credit Card,,1,3827.02,191.35,3635.67,3270,365.67,Success
TXN000946,2026-06-03,20260603,M052,CUST0166,P044,C002,PAY003,Credit Card,,1,1640.14,32.8,1607.34,1120,487.34,Success
TXN000947,2026-04-30,20260430,M026,CUST0309,P038,C001,PAY001,UPI,P2M,1,1257.74,62.89,1194.85,810,384.85,Success
TXN000948,2026-06-27,20260627,M025,CUST0387,P040,C025,PAY005,Cash,,1,1524.79,76.24,1448.55,960,488.55,Success
TXN000949,2026-08-25,20260825,M076,CUST0315,P038,C001,PAY001,UPI,P2M,3,3705.15,185.26,3519.9,2430,1089.9,Success
TXN000950,2026-07-01,20260701,M090,CUST0230,P026,C015,PAY005,Cash,,1,1593.22,31.86,1561.36,1420,141.36,Success
TXN000951,2026-06-05,20260605,M073,CUST0407,P048,C023,PAY004,Debit Card,,1,892.06,17.84,874.22,790,84.22,Success
TXN000952,2026-08-30,20260830,M087,CUST0189,P015,C012,PAY001,UPI,P2M,1,5444.64,0.0,5444.64,4420,1024.64,Success
TXN000953,2026-07-13,20260713,M065,CUST0005,P042,C015,PAY003,Credit Card,,2,1224.94,0.0,1224.94,1020,204.94,Success
TXN000954,2026-09-15,20260915,M099,CUST0431,P026,C024,PAY004,Debit Card,,4,7088.72,0.0,7088.72,5680,1408.72,Success
TXN000955,2026-08-24,20260824,M095,CUST0124,P026,C020,PAY001,UPI,P2M,2,3598.2,287.86,3310.34,2840,470.34,Success
TXN000956,2026-09-02,20260902,M033,CUST0367,P040,C008,PAY004,Debit Card,,1,1495.4,0.0,1495.4,960,535.4,Success
TXN000957,2026-06-07,20260607,M063,CUST0091,P037,C013,PAY001,UPI,P2M,1,1260.34,63.02,1197.32,760,437.32,Success
TXN000958,2026-08-31,20260831,M040,CUST0101,P003,C015,PAY001,UPI,P2M,1,24538.63,2944.64,21594.0,18150,3444.0,Success
TXN000959,2026-05-24,20260524,M077,CUST0277,P026,C002,PAY004,Debit Card,,1,1591.75,127.34,1464.41,1420,44.41,Success
TXN000960,2026-08-01,20260801,M084,CUST0203,P050,C009,PAY003,Credit Card,,2,137194.8,0.0,137194.8,115340,21854.8,Success
TXN000961,2026-09-06,20260906,M024,CUST0182,P004,C024,PAY003,Credit Card,,3,113385.9,0.0,113385.9,90000,23385.9,Failed
TXN000962,2026-05-02,20260502,M077,CUST0096,P026,C002,PAY001,UPI,P2M,1,1790.88,0.0,1790.88,1420,370.88,Success
TXN000963,2026-08-18,20260818,M003,CUST0452,P027,C003,PAY001,UPI,P2M,2,8166.63,653.33,7513.3,6080,1433.3,Failed
TXN000964,2026-05-27,20260527,M094,CUST0270,P013,C019,PAY001,UPI,P2M,1,2703.43,0.0,2703.43,1770,933.43,Success
TXN000965,2026-07-17,20260717,M089,CUST0123,P026,C014,PAY004,Debit Card,,1,1640.29,131.22,1509.07,1420,89.07,Success
TXN000966,2026-07-29,20260729,M067,CUST0072,P045,C017,PAY001,UPI,P2M,1,607.37,48.59,558.78,460,98.78,Success
TXN000967,2026-07-12,20260712,M100,CUST0028,P011,C025,PAY003,Credit Card,,1,3619.75,180.99,3438.77,2510,928.77,Success
TXN000968,2026-06-07,20260607,M024,CUST0124,P017,C024,PAY001,UPI,P2M,3,69601.4,3480.07,66121.33,54510,11611.33,Success
TXN000969,2026-05-06,20260506,M050,CUST0289,P041,C025,PAY005,Cash,,1,2102.15,0.0,2102.15,1260,842.15,Success
TXN000970,2026-09-29,20260929,M100,CUST0435,P043,C025,PAY004,Debit Card,,1,917.01,0.0,917.01,560,357.01,Success
TXN000971,2026-09-30,20260930,M012,CUST0314,P013,C012,PAY005,Cash,,1,2790.86,0.0,2790.86,1770,1020.86,Success
TXN000972,2026-09-08,20260908,M057,CUST0075,P049,C007,PAY005,Cash,,1,15682.84,1254.63,14428.21,13180,1248.21,Success
TXN000973,2026-08-13,20260813,M021,CUST0473,P028,C021,PAY001,UPI,P2M,1,814.19,16.28,797.91,540,257.91,Success
TXN000974,2026-06-18,20260618,M092,CUST0067,P043,C017,PAY004,Debit Card,,2,1794.09,143.53,1650.57,1120,530.57,Success
TXN000975,2026-05-30,20260530,M071,CUST0042,P008,C021,PAY004,Debit Card,,2,39442.74,0.0,39442.74,27040,12402.74,Success
TXN000976,2026-09-25,20260925,M087,CUST0346,P002,C012,PAY001,UPI,P2M,4,92235.1,0.0,92235.1,70640,21595.1,Success
TXN000977,2026-09-28,20260928,M013,CUST0473,P033,C013,PAY003,Credit Card,,4,670.55,33.53,637.02,600,37.02,Success
TXN000978,2026-07-18,20260718,M015,CUST0197,P004,C015,PAY005,Cash,,2,71608.74,0.0,71608.74,60000,11608.74,Success
TXN000979,2026-05-05,20260505,M031,CUST0310,P010,C006,PAY001,UPI,P2M,1,4790.39,239.52,4550.87,3270,1280.87,Success
TXN000980,2026-07-20,20260720,M051,CUST0087,P041,C001,PAY004,Debit Card,,1,2172.84,108.64,2064.2,1260,804.2,Success
TXN000981,2026-08-16,20260816,M068,CUST0133,P003,C018,PAY001,UPI,P2M,2,47841.15,956.82,46884.33,36300,10584.33,Success
TXN000982,2026-07-24,20260724,M044,CUST0476,P006,C019,PAY001,UPI,P2M,1,37578.46,751.57,36826.89,30690,6136.89,Success
TXN000983,2026-04-24,20260424,M076,CUST0286,P018,C001,PAY001,UPI,P2M,1,10784.58,215.69,10568.88,7660,2908.88,Success
TXN000984,2026-07-24,20260724,M045,CUST0224,P009,C020,PAY001,UPI,P2M,2,89213.22,4460.66,84752.56,66740,18012.56,Success
TXN000985,2026-07-15,20260715,M058,CUST0059,P030,C008,PAY001,UPI,P2M,2,7779.26,388.96,7390.29,6540,850.29,Success
TXN000986,2026-09-27,20260927,M095,CUST0107,P023,C020,PAY001,UPI,P2M,1,3833.64,191.68,3641.95,2660,981.95,Success
TXN000987,2026-04-30,20260430,M067,CUST0417,P050,C017,PAY001,UPI,P2M,2,134298.74,10743.9,123554.84,115340,8214.84,Success
TXN000988,2026-08-13,20260813,M079,CUST0497,P049,C004,PAY005,Cash,,4,67142.31,0.0,67142.31,52720,14422.31,Success
TXN000989,2026-07-06,20260706,M008,CUST0376,P030,C008,PAY001,UPI,P2M,1,3758.02,0.0,3758.02,3270,488.02,Success
TXN000990,2026-07-25,20260725,M044,CUST0073,P043,C019,PAY003,Credit Card,,1,835.48,16.71,818.77,560,258.77,Success
TXN000991,2026-08-01,20260801,M054,CUST0249,P014,C004,PAY001,UPI,P2M,2,8860.99,708.88,8152.11,7000,1152.11,Success
TXN000992,2026-04-25,20260425,M054,CUST0471,P034,C004,PAY001,UPI,P2M,1,481.93,24.1,457.83,370,87.83,Success
TXN000993,2026-09-18,20260918,M073,CUST0106,P017,C023,PAY001,UPI,P2M,1,22957.02,459.14,22497.88,18170,4327.88,Success
TXN000994,2026-08-01,20260801,M085,CUST0412,P024,C010,PAY001,UPI,P2M,4,14452.45,722.62,13729.82,9560,4169.82,Success
TXN000995,2026-04-05,20260405,M055,CUST0281,P041,C005,PAY005,Cash,,2,3930.28,78.61,3851.67,2520,1331.67,Success
TXN000996,2026-04-03,20260403,M049,CUST0170,P022,C024,PAY001,UPI,P2M,1,906.83,72.55,834.28,740,94.28,Success
TXN000997,2026-08-23,20260823,M047,CUST0227,P012,C022,PAY004,Debit Card,,1,1985.23,0.0,1985.23,1600,385.23,Success
TXN000998,2026-07-03,20260703,M090,CUST0458,P002,C015,PAY001,UPI,P2M,1,21928.33,438.57,21489.76,17660,3829.76,Success
TXN000999,2026-07-23,20260723,M013,CUST0059,P034,C013,PAY001,UPI,P2M,2,927.42,18.55,908.88,740,168.88,Success
TXN001000,2026-05-19,20260519,M013,CUST0398,P016,C013,PAY001,UPI,P2M,2,64737.56,1294.75,63442.81,53940,9502.81,Success
